"DOY","Ta","Tw","SoilMoistureContent","Precipitation","deltaD","Taweek","Twweek","Dweek"
1,-1.70010986328123,-4.15780303491972,100,0.448959644927527,0.0109382349999994,0.520357840401807,-0.00723038383299698,9.78772586761905
2,-0.568090820312477,-2.25874900762723,100,2.08399196708342,0.0097158050000008,0.123733956473235,-0.985255180716526,9.79493857309524
3,-1.25516357421873,-3.10437482225468,100,3.10984323732555,0.010577249999999,-0.391132463727657,-1.95082461007741,9.80306666142857
4,-1.93222656249998,-3.8509997488739,100,2.46726049226709,0.0114291233333308,-1.12706821986605,-3.10959351749707,9.81210272333333
5,-0.334692382812477,-2.26193779573403,100,0.841849941934925,0.0122707283333394,-1.16074218749998,-3.15172034753681,9.82203854119048
6,1.16829833984377,3.31430812522397,100,3.52525603375398,0.0131014050000005,-0.975265066964265,-2.38186425874703,9.83286511595238
7,0.595971679687523,0.636946628633068,100,6.75289775244892,0.0139205216666607,-0.575144740513371,-1.6689442365075,9.84457269714286
8,-1.17246093749998,-3.1898663746756,100,1.54925655806437,0.0147274833333402,-0.499766322544621,-1.53066757075834,9.85682159952381
9,1.45186767578127,4.33126908092779,100,1.34941110445652,0.0155217383333284,-0.211200823102658,-0.589236415250483,9.86989992095238
10,1.70284423828127,1.50733846002407,100,5.57035818928853,0.0163027650000007,0.211371721540199,0.0695797679321954,9.88379617309524
11,4.56075439453127,6.21713453772683,100,4.18938288930804,0.0170700866666706,1.13894042968752,1.50788466601801,9.89849827714286
12,0.458947753906273,3.20338950828049,100,2.31003141379915,0.0178232600000001,1.25231759207591,2.28864570944866,9.9139936
13,-4.51944580078123,-6.26154559861974,100,2.08223045774503,0.0185618833333301,0.439782714843771,0.920666606042415,9.93026899119048
14,-3.94229736328123,-5.93276473756923,100,0.999934673018288,0.0192855983332993,-0.208541434151765,-0.0178635891293413,9.94731082190476
15,-1.77615966796873,-3.37169953342981,100,0.14546002375937,0.01999408,-0.294784109933015,-0.0438397546656573,9.96510502357142
16,-0.268896484374977,-1.71293315397389,100,0.497333985549631,0.0206870466666995,-0.540607561383908,-0.907297216794469,9.98363712642856
17,1.02059326171877,4.0142265171837,100,4.22719931520987,0.0213642533332994,-0.638071986607122,-0.54917035148595,10.0028922990476
18,-2.96835937499998,-4.02381785197459,99.994,1.61727821250679,0.0220254916667013,-1.71365966796873,-2.01216355001472,10.0228553866667
19,-1.52615966796873,-3.10407874776482,99.994,2.2188793082023,0.0226705949999992,-1.9972464425223,-2.91323044373548,10.0435109507143
20,-2.28195800781248,-3.63148810759662,99.994,7.01748576830141,0.0232994266666999,-1.67760532924105,-2.53750794501789,10.0648433066667
21,-1.70535888671873,-3.05275542476196,99.994,2.19225894397823,0.0239118916666001,-1.35804268973212,-2.12607804318828,10.0868365616667
22,0.550866699218773,4.53410223127648,100,0.981033736024983,0.0245079266667005,-1.02561035156248,-0.996677791087386,10.1094746519048
23,0.598413085937523,1.87693965309589,100,1.48114095281926,0.0250874966666998,-0.901708984374979,-0.483838818648846,10.1327413778571
24,-0.0237792968749773,-1.61739559952668,100,1.90533064596821,0.0256506049999992,-1.05090506417409,-1.28835626389319,10.1566204397619
25,-0.00620117187497726,-2.48941657061414,100,0.47176117732306,0.026197281666601,-0.6277396065848,-1.06915608084169,10.1810954716667
26,0.0687500000000227,1.21730167974494,100,2.67849591182312,0.0267275849999997,-0.399895368303549,-0.45181601976887,10.2061500735714
27,-1.36154785156248,-3.76668188946651,100,1.54016452142969,0.0272416016667005,-0.268408203124978,-0.471129417178854,10.2317678433333
28,-1.03110351562498,-2.76654849132534,100,0.687479951011483,0.0277394399999995,-0.172086007254442,-0.430242712402194,10.2579324057143
29,-2.42960205078123,-4.96249616480222,100,0.208848405236495,0.0282212383333,-0.597867257254443,-1.78689962612772,10.2846274411905
30,-1.61405029296873,-2.9136803374085,99.9546666666667,0.726216876500985,0.0286871499999997,-0.91393345424105,-2.47127391048549,10.3118367128571
31,-0.172521972656227,-2.37598080460352,100,0.125423014196713,0.0291373566667001,-0.935182407924086,-2.57964322549647,10.3395440919047
32,0.112268066406273,-0.365782666807683,100,2.19244320760481,0.0295720533333004,-0.918258231026765,-2.27626695352412,10.3677335811905
33,-0.722753906249977,-2.73368714928132,100,1.47860246215714,0.0299914499999989,-1.03133021763391,-2.8406939290993,10.3963893369047
34,0.0263305664062727,2.99254013293755,100,1.93648120330181,0.0303957816667015,-0.8330618722098,-1.87509078304158,10.4254956897619
35,0.264978027343773,2.28693533138591,100,2.82690507447114,0.0307852883333002,-0.647907366071406,-1.15316452265425,10.4550371638095
36,-0.673803710937477,-2.4613776581177,100,2.22117214434547,0.0311602266666995,-0.397079031808013,-0.795861878842181,10.4849984933333
37,-0.370214843749977,-1.55945778121056,100,4.76291970699094,0.0315208649999992,-0.219388253348191,-0.602401513671046,10.5153646392857
38,-1.58579101562498,-3.45824961844672,100,2.62074172496796,0.0318674783333002,-0.421283830915156,-0.757011344220075,10.546120802619
39,-1.30148925781248,-2.68072897744961,100,1.56402147695189,0.0322003533333994,-0.623249162946406,-1.08771796002606,10.5772524373809
40,-1.16470947265623,-2.66629012690896,100,1.22328065117472,0.0325197816666005,-0.686385672433014,-1.07808981397287,10.6087452623809
41,0.292260742187523,2.91137015487721,100,1.08272797660902,0.0328260583334004,-0.648395647321407,-1.08968552512435,10.6405852697619
42,0.385339355468773,0.307832943430514,100,2.24328268814133,0.0331194883333001,-0.631201171874978,-1.3724144376894,10.6727587342857
43,-0.215856933593727,-2.26454233176018,100,1.83697939064587,0.0334003749999994,-0.565780203683014,-1.34429510535261,10.70525222
44,-1.14444580078123,-2.81529611281306,99.9806666666667,2.75091279036133,0.033669025,-0.67638462611605,-1.52370058129583,10.7380525857143
45,-1.08115234374998,-2.27045869593469,99.9806666666667,3.27591114910319,0.0339257499999999,-0.604293387276764,-1.35401616379411,10.7711469902381
46,-0.771826171874977,-2.07420222144617,100,2.95829668175429,0.0341708516667012,-0.528627232142835,-1.26736948436505,10.8045228945238
47,-1.60166015624998,-3.47011227737575,100,1.60693834914127,0.03440464,-0.591048758370514,-1.38220122014602,10.8381680642857
48,-1.30887451171873,-3.14912229667049,100,0.235748507293465,0.0346274233332995,-0.819782366071407,-2.2479858560814,10.8720705719048
49,-0.846716308593727,-1.62971345772407,100,0.721943251846824,0.0348394983332998,-0.995790318080336,-2.52477819910349,10.9062187952381
50,1.36434326171877,5.29680537907336,100,2.86707127088448,0.0350411683334002,-0.770047433035693,-1.44458566898441,10.9406014176191
51,2.77651367187502,4.74496266234461,100,1.5842904758756,0.0352327250000002,-0.209910365513372,-0.364548701104743,10.9752074257143
52,-0.494665527343727,-1.86830291642548,100,0.331247997564788,0.0354144616665995,-0.126126534598193,-0.30709787546057,11.0100261069048
53,1.69716796875002,6.10621668263447,100,3.11697476718109,0.0355866583334006,0.226586914062521,0.86153339655095,11.0450470461905
54,1.45327148437502,0.793251476109677,100,23.9328612224199,0.0357495950000004,0.663005719866092,1.47058536133458,11.0802601219048
55,-3.19956054687498,-4.22598313859602,99.9033333333333,2.36861305893399,0.035903545,0.392907714843771,1.31674809820236,11.1156555007143
56,-2.39298095703123,-3.52637468424399,99.842,2.10441066883504,0.0360487733332988,0.172012765066985,1.0457964944138,11.1512236330953
57,-0.464941406249977,-1.83021089705368,100,3.11352996504866,0.0361855349999995,-0.0893136160714077,0.0276513121099412,11.1869552464286
58,-0.791174316406227,-3.08913729843842,100,0.342906696459977,0.0363140800000004,-0.598983328683015,-1.09150582514478,11.2228413390476
59,2.88179931640627,8.14191577757435,100,14.6355450851843,0.0364346483332998,-0.116631208147301,0.338525416855198,11.2588731726191
60,4.11538085937502,4.53721661265909,100,7.72352796047926,0.0365474783334001,0.228827776227699,0.114382549715858,11.2950422661905
61,-0.522436523437477,-2.0024856273756,100,1.70038911164738,0.0366527866666004,-0.0534162248883716,-0.285008465067753,11.3313403871429
62,-0.416113281249977,-0.885866714867046,100,1.20360655273544,0.0367507933334004,0.344219098772343,0.192151024036386,11.3677595435714
63,-0.768774414062477,-2.08481154837249,100,14.9808576679789,0.0368417016665994,0.576248604910736,0.398088614875172,11.4042919754762
64,-1.90634765624998,-1.6883487113566,99.8653333333333,0.652408334644861,0.0369257083334009,0.370333426339307,0.418354641403326,11.4409301464286
65,-0.479833984374977,-1.02527581055838,100,0.907060621102573,0.0370029983332998,0.414810616629486,0.713191996814761,11.4776667342857
66,1.39846191406252,5.76139302592809,99.9432258297472,1.22983874462079,0.0370737533332992,0.202905273437522,0.373117318008152,11.5144946228571
67,0.420556640625023,4.82238035454378,99.1892435906395,0.149026641338423,0.0371381350000011,-0.324926757812478,0.413854995420251,11.5514068909524
68,2.90194091796877,8.79786111700033,100,3.76420357497409,0.0371963016666985,0.164270019531272,1.95676167318824,11.5883968040476
69,3.01729736328127,5.91873880744491,100,2.05608957912773,0.0372484016667016,0.654757254464307,2.92884817637566,11.6254578040476
70,6.41945800781252,8.91504429819466,100,9.62256963248365,0.0372945699999985,1.68164760044645,4.50025615445669,11.6625834995238
71,6.19466552734377,8.21041052233677,100,1.61913194460794,0.0373349350000005,2.8389351981027,5.91436461641288,11.6997676559524
72,1.30623779296877,7.63051927492757,99.0327416880389,0.565112532058265,0.0373696133333006,3.09408830915181,7.1509067714823,11.7370041859524
73,0.0873657226562727,4.75124340824041,98.3585525568846,0.39771630326868,0.0373987099999997,2.90678885323663,7.0065996832412,11.7742871383333
74,0.0203491210937727,0.598179213257242,100,35.5673342710361,0.0374223199999992,2.84961635044645,6.40314237734313,11.8116106885714
75,-0.552526855468727,-1.05388736333909,100,3.08363742078654,0.0374405283333008,2.35612095424109,4.99574973729464,11.8489691283333
76,2.38167724609377,10.0781115965586,98.6948434625977,0.397265193896601,0.0374534166667004,2.26531808035716,5.58994585002517,11.8863568559524
77,4.63594970703127,7.68591627610425,100,12.9423438920639,0.0374610416666989,2.01053118024556,5.41435613258368,11.9237683652381
78,3.05037841796877,6.41257688038404,100,2.41019097302342,0.0374634666666012,1.5613473074777,5.15752275516186,11.9611982361905
79,2.08596191406252,8.19984304562592,98.8893920768453,0.311088115267921,0.0374607283334001,1.67273646763395,5.23885472240448,11.9986411235714
80,2.83748779296877,8.95808841026729,97.5223152434959,0.0643847499759431,0.0374528683332986,2.06561104910716,5.83983257983689,12.0360917478571
81,6.38674316406252,11.4166348504428,100,15.6111011165194,0.037439908333301,2.97509591238841,7.38532624229197,12.0735448847619
82,7.03701171875002,8.37737846422344,100,3.35886361426674,0.0374218633333996,4.05931570870538,8.73264993194376,12.1109953552381
83,4.86489257812502,10.8057795844257,98.8398828550148,0.597824282522197,0.0373987366665993,4.41406075613841,8.83660250163906,12.1484380142857
84,3.84072265625002,10.1524762388441,97.3944433040019,0.264840673480649,0.0373705283334012,4.30045689174109,9.1889682106019,12.1858677428571
85,2.95626220703127,9.35584831328807,96.8996979837802,1.39488201966742,0.0373372166666002,4.28701171875002,9.60943555815962,12.2232794357143
86,3.66988525390627,11.18120768257,95.1653778529365,0.135519803734496,0.0372987833333998,4.51328648158484,10.0353447920088,12.2606679935714
87,3.34145507812502,10.335009179484,93.5905888708741,0.10781652690639,0.0372551883332992,4.58528180803573,10.2320477590397,12.2980283114286
88,6.25447998046877,13.0568193681475,91.8555828594261,0.377490982828022,0.0372063899999997,4.56638706752234,10.4663598329975,12.3353552695238
89,4.55794677734377,5.78233844327251,91.7440395527054,0.41268503991887,0.0371523383332999,4.21223493303573,10.0956398300046,12.3726437240476
90,4.78182373046877,11.9335816412176,89.810086671277,0.00107067785748427,0.0370929666667017,4.20036795479913,10.2567544095463,12.4098884971429
91,6.89998779296877,11.4058551930567,88.5082199764312,0.27919995773118,0.0370282033332998,4.63740583147323,10.4358085458623,12.4470843666667
92,9.12111816406252,15.3526164243735,86.1875079135559,0.0409319056871027,0.0369579666666997,5.51809953962056,11.2924897045888,12.484226057619
93,7.63417968750002,12.5485622272861,84.5889500354177,0.0891631827926176,0.0368821700000002,6.08442731584824,11.4878260681197,12.5213082323809
94,4.12941894531252,7.30865588313191,100,24.9682256253436,0.0368007116667002,6.19699358258931,11.0554898829265,12.5583254819048
95,-0.458837890624977,-2.14088659692652,100,1.48569288285216,0.0367134833332994,5.23794817243306,8.88438903077311,12.5952723161905
96,2.15200195312502,7.6711888602182,99.1602301050199,0.507345157529926,0.0366203699999996,4.89424176897324,9.1542248046225,12.632143155
97,5.88204345703127,13.4105597526611,97.0574202828398,0.126785266729712,0.0365212449999994,5.05141601562502,9.36522167768586,12.6689323192857
98,8.04171142578127,13.4806649416101,95.6334971154505,0.622115248916089,0.0364159766667012,5.21451939174109,9.66162307033634,12.7056340226191
99,5.48287353515627,8.49854615376521,100,10.1953126431908,0.0363044249999991,4.6947701590402,8.68247017453516,12.7422423628572
100,2.18801269531252,9.06972431858672,98.5459238007488,0.15988570112313,0.036186438333301,3.91674630301341,8.18549333043525,12.7787513128572
101,4.33468017578127,8.5516469310387,100,18.4127769898623,0.0360618600000002,3.94606933593752,8.36306348013622,12.8151547126191
102,4.11953125000002,7.67518164489215,100,4.16389739257284,0.0359305283332993,4.60012207031252,9.76535894325317,12.8514462616667
103,3.03847656250002,10.9786481462613,98.596582525762,0.577873788643046,0.0357922716667005,4.72676130022323,10.2378531269736,12.8876195109524
104,4.61293945312502,12.8044817789744,96.8952627679144,0.547020363228512,0.0356469083333,4.54546072823663,10.1512705593041,12.923667855
105,4.79104003906252,12.6580905146747,95.9504070590266,1.6407164366683,0.035494258333399,4.08107910156252,10.0337599268847,12.959584525
106,4.47493896484377,12.5180712443557,94.4059237324493,0.733275010134093,0.0353341283333002,3.93708844866073,10.6079777969691,12.9953625811905
107,6.34884033203127,13.8073344182586,92.1572772295548,0.0170302456581339,0.0351663200000001,4.53149239676341,11.2847792397794,13.0309949061905
108,9.23793945312502,13.3324270458066,90.9511291970078,0.678777951179654,0.0349906349999998,5.23195800781252,11.9677478276034,13.0664741990476
109,10.3435913085938,12.3599157631906,100,19.197138317395,0.0348068616667003,6.12110944475449,12.6369955587888,13.1017929680952
110,10.9745727539063,14.4502302153275,100,5.90219933656044,0.0346147900000009,7.25483747209824,13.1329358543697,13.1369435254762
111,9.31844482421877,13.0993129072687,100,2.8349160857033,0.0344142016665998,7.92705252511164,13.1750545869832,13.1719179819048
112,9.83291015625002,14.2486742991731,98.4335440533929,0.0963160800893093,0.0342048783333997,8.64731968470985,13.4022808419115,13.2067082411905
113,8.78090820312502,10.6346290171025,100,6.94671325618401,0.0339865933332995,9.26245814732146,13.1332176665897,13.2413059954762
114,10.9389892578125,16.5022661012979,99.4946565425719,2.55398481385782,0.0337591233333008,9.91819370814735,13.5182079070238,13.2757027216667
115,8.30837402343752,13.8207779068541,98.8776927800883,1.83055435627466,0.0335222349999995,9.78539864676342,13.5879723157449,13.3098896764286
116,7.97969970703127,14.6614187485138,96.9145199317104,0.41024072743312,0.0332757016666996,9.4476998465402,13.9167584565054,13.3438578940476
117,11.2841430664063,17.391521105562,94.2023366334655,0.162725052632595,0.0330192900000004,9.49192417689734,14.336942869396,13.3775981830952
118,9.46517333984377,9.46839113587235,100,48.4574062284082,0.0327527683332995,9.5128853934152,13.8182397591965,13.4111011245238
119,9.95864257812502,10.8995675066456,100,21.7237960896455,0.0324759066667006,9.53084716796877,13.3397959316926,13.44435707
120,12.5127807617188,18.9368077926352,96.9078682943866,0.00080244157985021,0.0321884699999995,10.0639718191965,14.5258214710544,13.4773561407143
121,15.3603759765625,20.6059442076048,93.6895857410074,0.121576169931359,0.0318902366667011,10.6955984933036,15.1120612005268,13.510088227619
122,11.5498291015625,11.8621071942944,100,28.7542992737144,0.0315809733333001,11.1586635044643,14.8322510987326,13.5425429914286
123,9.02138671875002,9.9057235792896,100,19.0933133126236,0.0312604616666992,11.3074759347098,14.1528660745577,13.5747098638095
124,9.06166992187502,10.0334941549285,100,6.17330733803101,0.0309284833332999,10.9899797712054,13.1017193673243,13.6065780495238
125,9.10054931640627,11.1088469158116,100,1.31871556732222,0.030584825,10.937890625,13.33607019303,13.6381365290476
126,9.08944091796877,10.5335560289814,100,10.9154942038003,0.0302292800000004,10.8137189592634,13.2837828390779,13.6693740619048
127,9.00020751953127,10.3725726748856,100,11.5148541226517,0.0298616466666992,10.3119227818081,12.0603206793994,13.7002791914286
128,10.4075561523438,15.1416263830792,99.2940579032109,1.57408685481641,0.0294817383333008,9.60437709263395,11.2797038473243,13.7308402497619
129,9.47597656250002,11.1644225105059,100,3.88820590160321,0.0290893666666996,9.30811244419645,11.1800346067831,13.7610453642857
130,9.19149169921877,16.0593535981234,100,4.78153451695107,0.0286843650000002,9.33241315569199,12.0591246094737,13.790882465
131,9.40944824218752,16.9407747930609,97.8877257444204,1.00758861663053,0.0282665683333008,9.38209577287949,13.0458789863497,13.8203392921429
132,12.2553344726563,19.0355351916514,94.729473302882,0.000621337692408019,0.0278358316666996,9.83277936662949,14.1782630257554,13.8494034059524
133,15.7620483398438,20.1541640569964,93.0808230467387,1.72302461578511,0.0273920133332997,10.7860089983259,15.5526356011861,13.8780621959524
134,13.0655151367188,14.7344845457035,99.4129726700309,10.5552244349383,0.0269350016667005,11.3667672293527,16.1757658684458,13.9063028938095
135,15.1383911132813,17.4594995739024,100,3.04913719446631,0.0264646816665994,12.0426007952009,16.506890609992,13.9341125835714
136,12.9776245117188,16.3942966447171,99.3427173249439,1.60407598741585,0.0259809700000009,12.5428362165179,17.2540154863079,13.9614782166667
137,13.37880859375,19.5189644368654,97.8847501938526,2.43304930336308,0.0254837933333985,13.1410243443081,17.7482456061282,13.9883866252381
138,16.0674682617188,21.8266972625226,94.137394028854,0.00796575250205933,0.0249731016666015,14.092170061384,18.446234530337,14.0148245385714
139,16.6933837890625,22.2837858517837,90.6178205011533,0.134639708448958,0.0244488566666998,14.7261771065849,18.9102703389273,14.0407785983333
140,17.5091186523438,22.3560151570529,87.6385482844662,0.155091674969299,0.0239110499999988,14.9757585797991,19.2248204960782,14.066235377619
141,15.4582153320313,18.1915266867219,92.2791122762512,9.12784598767757,0.0233596916667,15.3175728934152,19.7186836590809,14.0911813983333
142,14.0756469726563,16.9034725478765,92.4266584202549,2.4013192160055,0.0227948083333001,15.1657523018974,19.6392512267914,14.1156031514286
143,11.4258056640625,13.2332075201186,100,19.1800194443204,0.0222164616666998,14.9440638950893,19.1876670661345,14.1394871176191
144,15.8202758789063,21.0927125646345,97.6469704422201,1.16945566333015,0.0216247266665999,15.2928449358259,19.4124882272444,14.1628197885714
145,17.1210571289063,22.9195681001109,93.6789704422201,0,0.0210197083334016,15.4433576311384,19.5686126326141,14.1855876890476
146,18.5007568359375,23.6393715347456,89.5439317464829,0.0204419563942793,0.0204015383332994,15.701553780692,19.7622677301801,14.2077774011905
147,20.15419921875,24.2165441014614,89.7910210874616,5.00563401146792,0.0197703699999998,16.0794224330357,20.0280575793813,14.2293755876191
148,18.0843139648438,19.635703325767,92.9353531592495,5.87649810768198,0.0191263933333001,16.4545793805804,20.2343685278164,14.2503690171429
149,19.242578125,22.547788781863,92.8561195913914,3.17014964821283,0.0184698099999991,17.1927124023438,21.0406994183859,14.2707445897619
150,18.8382202148438,20.3830540230996,100,14.6783626405522,0.0178008616667,18.2516287667411,22.0621060616689,14.2904893623809
151,19.1307006835938,19.929325731716,100,11.3379872345831,0.0171198166667015,18.7245465959822,21.8959079426805,14.3095905764286
152,19.1426635742188,21.0153966658322,99.6822626071645,1.10039391074679,0.0164269633332985,19.0133475167411,21.6238834520693,14.3280356840476
153,19.812646484375,24.8889810734679,95.582632934396,0.00155549084723816,0.0157226250000004,19.2007603236607,21.8023991004582,14.3458123754762
154,20.1186157226563,23.4211009854821,97.4089261137156,6.67143976897933,0.0150071533333005,19.1956769670759,21.688764369604,14.3629086073809
155,20.6151977539063,23.429108755187,100,7.74863729020581,0.0142809216666997,19.5572317940849,22.2306794309497,14.3793126290476
156,20.5134521484375,23.0897135037585,100,32.7801244566217,0.0135443316667008,19.7387852260045,22.3080972483633,14.3950130109524
157,20.528955078125,23.561475127141,99.9271029790385,3.3636544685578,0.0127978183332988,19.9803187779018,22.7621574060835,14.409998672381
158,20.692041015625,23.5789332543212,100,4.27023005613592,0.0120418366667003,20.2033673967634,23.2835299093128,14.4242589080952
159,19.9190307617188,20.7035441460529,100,7.52937557990663,0.0112768633333005,20.3142769949777,23.2389795493444,14.4377834152381
160,19.68154296875,20.9675448491027,100,8.0320292909164,0.0105034083332995,20.295547921317,22.6787743744351,14.45056232
161,14.5793701171875,18.1085388047025,98.0304785812289,0.0677178718433424,0.00972199833340071,19.5042271205357,21.919836920038,14.4625862026191
162,18.29970703125,23.8884452017026,94.0145670444614,0.0121326948487877,0.00893318666659937,19.1734427315848,21.9854564123973,14.4738461230952
163,18.813134765625,23.9276249682816,90.1818201494898,0.00887965754259312,0.00813753999999989,18.9305402483259,22.1051580501864,14.4843336447619
164,19.6933227539063,24.7716324167957,86.348524271857,0.37205618355074,0.00733565500000033,18.8111642020089,22.2780376629942,14.4940408573809
165,20.0094848632813,24.6172061161875,82.344524271857,0,0.00652813666670049,18.7136561802456,22.4263623575465,14.5029603985714
166,20.4945922851563,24.668321573067,78.5967180291363,0.109290635919024,0.00571560999999932,18.7958792550223,22.9927591328342,14.511085475
167,16.7461181640625,18.0575979257872,86.0040767700696,12.2290381113999,0.00489871833329936,18.3765328543527,22.5770524295034,14.5184098814286
168,21.4419799804688,25.5558076590964,84.1495832487788,1.83525971806375,0.00407811166670058,19.3569056919643,23.6409479801311,14.5249280183333
169,22.070458984375,25.1060952326147,82.7193460752798,1.99164423975162,0.00325445500000043,19.8955845424107,23.8148979845472,14.5306349078571
170,20.3600708007813,22.5112947508271,81.9778876872178,1.10481241790694,0.00242841833329877,20.1165754045759,23.6125650963394,14.5355262085714
171,20.9765258789063,22.9691484556791,83.1187659576706,4.10331740567926,0.00160068500000143,20.2998901367188,23.3550673876084,14.5395982278571
172,20.4461303710938,23.886841380657,91.8191288769839,16.5685443789698,0.000771938333398836,20.3622680664063,23.2507295682469,14.5428479330952
173,17.9902587890625,19.0526612629866,93.3716093809217,3.28772075590678,-5.71366666992645e-05,20.0045061383929,22.4484923810926,14.5452729602381
174,18.3410888671875,21.5695204561995,94.0395858669173,3.91996472899336,-0.000885845000000884,20.2323590959822,22.9501955997229,14.5468716211905
175,17.7495971679688,21.1987642689134,94.9296615936269,4.37811359006446,-0.00171350499999967,19.7048758370536,22.3277608296968,14.5476429083333
176,17.9086547851563,22.4393467010817,94.9291518510931,4.28223538619932,-0.00253942999999879,19.1103323800224,21.9467967537635,14.547586497619
177,18.3990112304688,21.7759418446831,92.6634601772112,0.143462489177182,-0.00336294166670115,18.8301810128349,21.8417463386001,14.5467027497619
178,16.0777221679688,17.3702768951154,97.8835490010066,8.93613323569298,-0.00418336666660046,18.1303519112724,21.0419075442338,14.5449927088095
179,14.2248168945313,15.1252350595493,100,13.5770533233881,-0.00500004499999918,17.241592843192,19.7902494983613,14.5424580988095
180,14.7139526367188,16.4692911487539,100,13.8611605507322,-0.00581232333339976,16.7735491071429,19.4211966248995,14.5391013192857
181,13.1841674804688,14.2606000047162,100,11.9658347102813,-0.0066195633333006,16.0368460518974,18.3770651318304,14.5349254371429
182,17.1831298828125,20.4862329015315,97.8375349366081,0.327302404912189,-0.00742114500000035,15.9559221540179,18.2752749364902,14.5299341778571
183,16.2015014648438,17.9927054840935,100,20.8682191441767,-0.00821645666670001,15.712043108259,17.6400404769204,14.5241319147619
184,16.5906616210938,16.7495581246584,100,46.262564137578,-0.00900491333329967,15.4537074497768,16.921985659774,14.5175236557143
185,17.4555908203125,18.4897034344654,100,6.34012540103868,-0.00978594499999907,15.6505458286831,17.081903736824,14.5101150283333
186,19.3484741210938,21.0301001779542,98.7910216814123,0.131532522118505,-0.0105590016667012,16.3824968610491,17.9254558965962,14.5019122642857
187,20.5967651367188,23.5573476197787,100,6.5589694713708,-0.0113235583332987,17.2228986467634,18.9380353924568,14.4929221809524
188,19.7460571289063,20.0845101236491,100,23.9255372434855,-0.0120791133333,18.1603114536831,19.7700225523044,14.4831521619048
189,21.2097412109375,22.0315521622826,100,18.3085518074222,-0.0128251883333999,18.7355416434152,19.9907824466974,14.4726101366667
190,22.012353515625,24.543703264386,100,21.2002196349204,-0.0135613266666006,19.5656633649554,20.9266392724535,14.4613045585714
191,19.45546875,20.6706692130677,100,3.42081912094727,-0.0142871049999993,19.9749215262277,21.4867979993691,14.4492443816667
192,18.861962890625,21.4223654141911,100,15.5023386469111,-0.0150021233334012,20.1758318219866,21.9057497107585,14.4364390364286
193,20.4795776367188,23.3720376038142,100,4.77189787488896,-0.0157060050000002,20.3374180385045,22.2403122001671,14.422898405
194,19.1576782226563,20.6300412471022,100,5.07775694131851,-0.0163984066665996,20.1318341936384,21.822125575499,14.4086327952381
195,21.7567993164063,25.4539222163635,97.5498892123325,0.852833818498766,-0.0170790083334005,20.419083077567,22.5891844458868,14.3936529147619
196,22.21572265625,26.0789094030751,97.7281496976637,5.14239072799683,-0.0177475199999986,20.5627947126116,23.1673783374285,14.3779698440476
197,21.2629028320313,23.8737246201552,98.2280000050197,3.94577546103392,-0.0184036816666016,20.4557303292411,23.0716671025384,14.3615950083333
198,19.5511108398438,20.6386481008193,100,7.31099644326605,-0.0190472533333992,20.4693934849331,23.0670926579315,14.3445401514286
199,18.9646850585938,20.3464613323906,100,18.2571151526645,-0.0196780333332995,20.4840680803572,22.9133920748172,14.3268173073809
200,17.8061157226563,19.5657118718237,100,10.0450379250105,-0.0202958350000007,20.1021449497768,22.3696312559614,14.3084387733333
201,20.569482421875,24.0803822164581,97.2442959738675,0.0114439608012162,-0.0209005116666994,20.3038312639509,22.8625371087265,14.2894170814286
202,21.6209350585938,24.9017726633686,99.8739200895183,8.12943617347628,-0.021491928333301,20.2844220842634,22.7836586011558,14.2697649723809
203,19.846826171875,20.5120746554999,100,5.55830665689427,-0.0220699916666991,19.9460083007813,21.9883964943593,14.2494953673809
204,22.6308837890625,26.5311544291537,96.8877111265255,0.266566689788306,-0.0226346149999994,20.1414341517857,22.3680293242163,14.2286213433333
205,22.7458129882813,26.1566226604027,94.693863878001,0.978229127213126,-0.0231857550000001,20.5978201729911,23.1563114041568,14.2071561047619
206,23.7070556640625,27.4380699051525,90.9011282984744,0.0398966307102455,-0.0237233750000012,21.2753016880581,24.1693983431227,14.1851129602381
207,23.7585693359375,26.5678757063447,89.5729926923153,2.59279659076128,-0.0242474699999988,22.1256522042411,25.16970746234,14.1625052964285
208,22.1534057617188,23.8646389278496,97.3884271569066,13.6921516968869,-0.0247580583333011,22.3519269670759,25.1388869925388,14.1393465545238
209,22.8953491210938,25.971354670652,97.2878530898038,3.93713889934588,-0.0252551666666996,22.5339861188616,25.2916844221507,14.1156502071428
210,24.2951293945313,27.939689318675,93.6977891770949,0.0539041309366439,-0.0257388583333,23.1694580078125,26.3527722311757,14.0914297359524
211,25.1408935546875,28.5704742495966,89.9413835754221,0.0473915974907868,-0.0262092016667008,23.5280308314732,26.6441036340962,14.0666986095238
212,25.0464721679688,27.8389187336392,86.6749443984185,0.119341234494641,-0.0266662883332991,23.8566964285715,26.8844316445585,14.0414702640476
213,24.5884033203125,27.6263203978404,84.780890928742,1.90791979548521,-0.0271102249999995,23.9826032366072,26.9113245720854,14.0157580828571
214,24.4699340820313,26.6402078054336,85.3843315715379,4.63716096419375,-0.0275411366667004,24.0842267717634,26.9216577290981,13.9895753778571
215,24.445947265625,27.3091761641624,85.2226974482013,4.28954881499521,-0.0279591549999996,24.4117327008929,27.4137344771427,13.9629353733333
216,23.5278564453125,26.5022306232036,82.8122957167124,0.959397402766626,-0.0283644383333002,24.502090890067,27.4895738989358,13.9358511871428
217,24.13857421875,27.5604410735819,79.0363582858177,0.0110938536579397,-0.0287571399999997,24.4797258649554,27.4353955782082,13.9083358178571
218,24.6445556640625,28.2731164970942,75.085583042647,0.0018371352439317,-0.0291374416667001,24.4088204520089,27.3929158992793,13.8804021285714
219,23.6862426757813,26.2963616390621,77.0369754358722,6.91408858983777,-0.0295055216666,24.214501953125,27.172550600054,13.8520628345238
220,22.3672119140625,25.5135037727758,80.8141090618402,9.44870043895207,-0.0298615766667005,23.8971888950893,26.8707196536162,13.8233304902381
221,22.5164428710938,25.2660235856064,81.0550533460657,3.70141642633826,-0.0302058033333008,23.6181187220982,26.6744076222123,13.7942174792857
222,23.6245361328125,27.2406735914385,77.4297683174878,0.00307245713315751,-0.0305384166666993,23.5007742745536,26.6646215403946,13.764736002381
223,24.8085571289063,28.294384151746,73.6286783998411,0.0663651235299767,-0.0308596233332992,23.683731515067,26.9206434730436,13.7348980704762
224,25.1420532226563,28.1189862567648,69.8816781392491,0.0804996091119392,-0.0311696483334014,23.8270856584822,27.0004356420697,13.7047154945238
225,24.19326171875,26.6977554842563,66.6075563824144,0.0748173647480144,-0.031468714999999,23.7626150948661,26.7753840688071,13.6741998795238
226,23.9494873046875,27.1275167260785,63.0970578855695,0.266252254732535,-0.0317570499999995,23.8002214704241,26.8941205098095,13.643362617619
227,23.4489379882813,25.9922932130816,61.724648025465,1.95413776964415,-0.0320348866666009,23.9547537667411,26.9625190012817,13.6122148828571
228,20.4523559570313,23.2314041070822,59.6712919827848,0.659134821034968,-0.032302455,23.6598842075893,26.6718590757783,13.5807676264286
229,19.2588745117188,23.654206591277,56.5983641053692,0.000227189822510354,-0.0325599883334,23.0362182617188,26.1595066471838,13.5490315740476
230,20.4317260742188,23.5854223778327,54.0942115311891,0.0627358133442613,-0.0328077233332991,22.4109566824777,25.486797822339,13.5170172216667
231,21.4994750976563,24.9962136539212,51.3006543317581,0.00321355528853928,-0.0330458933333002,21.8905883789063,25.0406874505042,13.4847348342857
232,21.891259765625,25.1415405949458,49.1080566271087,0.22734814137948,-0.033274731666701,21.5617309570313,24.8183710377456,13.4521944445238
233,22.1794677734375,25.4852911388088,46.8477579542407,0.0288094923917015,-0.0334944716666996,21.3088710239956,24.5837673824213,13.4194058516667
234,23.0436645507813,25.1151108284221,44.9602208044076,0.0636966035472142,-0.0337053399999991,21.2509748186384,24.4584556131843,13.386378622619
235,22.7392211914063,24.6571851449352,43.8456224220139,0.485424425278325,-0.0339075683333014,21.5776698521206,24.6621386185918,13.3531220916667
236,23.4335571289063,25.8567832857905,48.7120244758657,9.9309123470448,-0.0341013766666993,22.1740530831474,24.9767924320938,13.3196453623809
237,20.7563110351563,22.0100081602624,61.267187161864,20.3071380383335,-0.03428699,22.2204223632813,24.7517332581551,13.2859573092857
238,18.198876953125,19.3802139999632,68.460405358338,11.832827294711,-0.0344646233332995,21.748908342634,23.949447593304,13.2520665804762
239,17.6264892578125,18.6081485063611,69.4009066719917,2.19375197048066,-0.0346344866667003,21.1396554129465,23.0161058663633,13.2179816009524
240,16.5063110351563,16.9517851607092,70.3818328874526,1.98138932319125,-0.0347967916666008,20.3292044503349,21.7970335837777,13.1837105757143
241,15.1184326171875,16.778692165198,70.3617801904382,1.20492095447844,-0.0349517383333993,19.1970284598215,20.6061166318885,13.1492614935714
242,19.4831176757813,23.3868077850845,67.2282050022091,0.190637217656331,-0.0350995233333009,18.7318708147322,20.4246341519098,13.1146421321428
243,19.5847412109375,21.3961958804609,68.8786249438095,5.04062991240062,-0.0352403366666998,18.1820399693081,19.7874073797199,13.0798600621428
244,17.5114379882813,17.8677022040334,81.1827311206899,18.6611592653207,-0.0353743666666002,17.7184866768973,19.1956493859729,13.044922652619
245,19.0497680664063,19.3141284698579,94.7826404407588,20.4728639801033,-0.0355017866666998,17.8400425502232,19.1862085959579,13.0098370769048
246,20.8158203125,22.5442382406788,93.8217811315102,0.364711036127119,-0.0356227716667004,18.2956612723215,19.7485071294318,12.974610317619
247,21.2983642578125,23.632177768611,92.2396824239029,0.80785193858901,-0.0357374833332997,18.9802403041295,20.7028489305606,12.9392491738095
248,20.5454956054688,22.93184509277,91.6936496343,1.87295081559569,-0.0358460799999989,19.7555350167411,21.5818707773566,12.9037602669048
249,21.4273315429688,24.6010096750281,88.9223149665577,0.0169979983866142,-0.035948715,20.0332798549107,21.7553281902057,12.8681500469048
250,22.0210205078125,23.7958743386388,87.2823912234781,0.250114385380584,-0.0360455233332999,20.3813197544643,22.0981393985169,12.8324248002381
251,21.2248168945313,22.5750410892447,86.2093194368679,0.227392320084618,-0.0361366450000009,20.9118024553572,22.7706163821185,12.7965906566667
252,21.87392578125,24.4452973176787,83.8782990943364,0.121469486202841,-0.0362222049999996,21.3152535574777,23.5036405032357,12.7606535961905
253,23.3857055664063,26.5892467533197,94.436429349673,20.0791953830048,-0.0363023216666996,21.6823800223215,24.0814988621844,12.7246194571429
254,19.36025390625,19.5595338952973,100,56.250166380778,-0.0363771033333009,21.4055071149554,23.4996925945682,12.6884939438095
255,18.7351318359375,20.8779865728704,100,31.5476907417178,-0.0364466549999989,21.1468837193081,23.2062842345825,12.6522826340476
256,19.4530883789063,20.3585856448894,100,2.99718922178727,-0.0365110666667015,20.8648489815848,22.6002236588484,12.6159909883334
257,20.9507690429688,24.164309194556,99.8616142363337,3.45042135450058,-0.0365704266666995,20.7119559151786,22.6528572096937,12.5796243564286
258,20.55068359375,22.8083387051545,100,5.27839656569995,-0.0366248066666,20.6156511579241,22.686185440538,12.5431879871429
259,19.3980346679688,20.5872690798805,100,1.61133484652964,-0.0366742766666999,20.2619524274554,22.135038549424,12.5066870361905
260,19.7627197265625,21.4990143816858,100,3.83503356715664,-0.0367188933332994,19.7443830217634,21.4078624963334,12.470126575
261,15.3470092773438,16.5629321674835,99.8076898412344,0.991534761851653,-0.036758706666701,19.1710623604911,20.9797765352172,12.4335115990476
262,12.26650390625,15.4771444358773,98.146627281462,0.0164061603413757,-0.0367937566667003,18.24697265625,20.2082276585039,12.3968470371429
263,13.7470947265625,16.1454055470934,97.7040716776247,1.64516659424407,-0.0368240733332996,17.4318307059152,19.6063447873901,12.36013776
264,12.9623046875,15.6469676387589,97.0083508403883,0.790418744145427,-0.0368496816667001,16.2906215122768,18.3895817079906,12.3233885892857
265,12.4573608398438,16.6498803751547,94.9233427011878,0.00548779119924347,-0.0368705866666001,15.1344325474331,17.509801946562,12.2866043071429
266,12.7676025390625,16.1672577699511,93.1316781000316,0.0165030982657299,-0.0368867999999996,14.1872279575893,16.8783717594292,12.2497896645238
267,15.1823974609375,18.6509364573368,91.0445608482023,0.202324122255959,-0.0368983099999998,13.5328962053572,16.4715034845222,12.2129493909524
268,13.9426513671875,17.5373334885625,89.0472655091756,0.00305699145997096,-0.0369051000000002,13.3322736467634,16.6107036732478,12.1760882040476
269,15.0781494140625,18.6627745487867,87.0203626354709,0.20764568944287,-0.0369071466666995,13.7339372907366,17.0657936893777,12.1392108185714
270,14.73818359375,17.4685871281004,85.9044590060051,0.663144555801409,-0.036904416666701,13.8755214146205,17.2548196295216,12.1023219554762
271,15.3070922851563,17.589875175491,85.0302643347285,0.89970799308503,-0.0368968616665999,14.2104910714286,17.5323778490547,12.065426352381
272,11.4084106445313,11.4020807496172,87.8303738269578,4.37916423834395,-0.036884426666699,14.0606410435268,16.7826921882637,12.0285287721429
273,10.247216796875,10.2349513871009,91.9725216252837,6.3162216974888,-0.0368670499999997,13.7005859375,15.9352198478565,11.9916340133333
274,11.8605590820313,12.873428341393,92.9923336688515,2.08871806535171,-0.0368446583333011,13.2260375976563,15.1098615455788,11.9547469190476
275,13.362451171875,14.6402198352832,94.7956985485379,3.55804731952958,-0.0368171633333993,13.1431518554688,14.6959881665389,11.9178723871429
276,13.26015625,14.0481947737701,95.8476389055819,1.95791053556604,-0.0367844766666003,12.883438546317,14.0367624843937,11.8810153795238
277,14.8850341796875,17.6248982350908,97.9103008376641,5.39299289812334,-0.0367464900000005,12.9044172014509,14.0590926425352,11.8441809328572
278,9.76955566406252,10.188237392156,99.1130893993504,2.12118284252938,-0.036703095,12.1133405412947,13.0017158163445,11.8073741671429
279,11.1109252929688,14.6037201309298,97.5045251875357,0.0001536822780146,-0.0366541649999998,12.0708426339286,13.4590928708177,11.7706002959524
280,12.3745971679688,16.7312109452374,95.5252379116969,0.00106908624175617,-0.0365995683334006,12.3747541155134,14.3871299505515,11.7338646364286
281,14.8383422851563,17.4330289775985,99.0094633146667,7.1943381044548,-0.0365391599999985,12.8001517159598,15.0385014700094,11.6971726195238
282,14.6966796875,17.7584604998023,97.5260351421061,0.089857741158994,-0.0364727933333011,12.9907557896206,15.4839644220836,11.6605297983333
283,13.1206909179688,16.1262812467474,97.1402150445187,1.64226985361893,-0.0364002983332998,12.970832170759,15.7808339182232,11.6239418597619
284,13.5256591796875,16.4685471301593,95.4651840249445,0.000453470638817066,-0.0363215116666993,12.7766357421875,15.615640903233,11.587414632381
285,13.657373046875,16.8664059082161,93.7425993708524,0.000123018861764024,-0.0362362449999996,13.3320382254465,16.5696649769558,11.5509540978571
286,14.3508544921875,17.5218427672232,92.0132952601566,0.110043833956297,-0.036144310000001,13.7948852539063,16.9865396392835,11.5145663997619
287,15.2469116210938,17.4131562378899,100,16.238828538917,-0.0360455116666998,14.205215890067,17.0839603953767,11.478257852619
288,15.9367919921875,17.9774363350225,100,3.93695518141612,-0.0359396316666007,14.3621372767857,17.1617328750087,11.442034952381
289,12.8462768554688,14.4156650772152,100,3.09706265397836,-0.0358264583333998,14.097794015067,16.6841906717819,11.4059043857143
290,12.2795043945313,15.2986270971036,98.5792868228476,0.00393023427136541,-0.0357057649999994,13.9776245117188,16.56595436469,11.3698730380952
291,12.4351440429688,15.3475894185312,97.3390717347751,0.271677367891243,-0.0355773116666001,13.8218366350447,16.4058175487431,11.3339480047619
292,9.00460205078127,11.664325738821,96.2613160722952,0.0753665062802611,-0.0354408599999996,13.1571550641741,15.6626632388295,11.2981365978571
293,10.6015869140625,13.6731443589021,94.7833384467961,0.00403356175127101,-0.0352961550000011,12.6215454101563,15.1128491804979,11.2624463559524
294,14.077783203125,15.6746817441326,98.4045444993751,7.07080907886848,-0.035142938333399,12.4545270647322,14.8644956813897,11.2268850530952
295,13.5646606445313,14.2130683489409,100,3.68241489923093,-0.0349809433333004,12.1156511579241,14.3267288262352,11.1914607057143
296,15.6048828125,17.8194418315094,100,3.08297530864365,-0.0348098983333003,12.5097377232143,14.8129826482773,11.1561815811905
297,11.7441650390625,14.0422322408479,99.0109149633082,0.066372444962326,-0.0346295183334,12.4332606724331,14.6334976688122,11.1210562061905
298,10.9934326171875,14.050520112837,97.7579855350243,0.0026058575741672,-0.0344395233332992,12.2273018973214,14.448202053713,11.086093372381
299,10.8720947265625,13.6077578855028,96.5782734558535,0.00743188124374683,-0.0342396166667012,12.4940865652902,14.7258352175247,11.0513021447619
300,12.9666381835938,14.6581520065,95.4674170253237,0.0397153542053275,-0.0340295083332993,12.8319510323661,14.8665505957529,11.0166918666667
301,14.1535278320313,16.0738462108751,96.7538625144298,3.40366823365912,-0.0338088933332994,12.8427716936384,14.9235740910019,10.9822721664286
302,15.2845092773438,17.5899140316056,97.3189423682541,2.38661978073651,-0.0335774683333998,13.0884643554688,15.4059806170968,10.948052962619
303,9.38741455078127,9.67023478451495,97.805557523773,1.18292273327825,-0.0333349283333,12.2002546037947,14.2418081818119,10.9140444688095
304,9.64223632812502,10.4308472643177,97.3014320320253,0.00281176237848513,-0.0330809616667018,11.8999790736607,13.7258960423076,10.8802571973809
305,11.2285400390625,13.1711553322687,100,5.83109685976524,-0.0328152616665989,11.9335658482143,13.6002725022264,10.8467019633333
306,3.76546630859377,3.18311801663562,100,1.80431743501686,-0.0325375183334007,10.9183332170759,12.1110382352454,10.8133898861905
307,4.31301269531252,6.90661015972989,99.3053062289866,0.0689593434799463,-0.0322474199999991,9.68210100446431,11.0036751142782,10.7803323930952
308,9.54201660156252,12.4323170624638,100,4.64928089058958,-0.0319446583333001,9.02331368582591,10.4834566645052,10.7475412192857
309,12.5719848632813,12.8623315123361,100,12.4672500533052,-0.0316289350000005,8.6358101981027,9.80808773318097,10.7150284073809
310,7.66585693359377,8.42687654976294,100,12.2540892334655,-0.0312999400000002,8.38987339564734,9.63046512821639,10.6828063080952
311,4.95736083984377,7.69918314437465,99.3608748265762,0.185312239864288,-0.0309573866666994,7.72060546875002,9.24022739679596,10.6508875766667
312,5.58083496093752,7.57816698708769,98.8445616114191,0.156530177264358,-0.0306009800000009,6.91379045758931,8.4412290617701,10.6192851711905
313,7.43471679687502,9.53948136733378,98.1055163660417,0.0144321319339724,-0.0302304416665997,7.43796909877235,9.34928096901269,10.5880123480952
314,10.332421875,12.4277986324831,97.6948590030721,0.753013955545612,-0.0298454983333993,8.29788469587056,10.138022179406,10.5570826566667
315,6.11489257812502,6.94506231373139,97.4410972207205,0.14035732647244,-0.0294458883333011,7.8082955496652,9.35412864387281,10.5265099323809
316,4.54024658203127,6.68758174874494,96.8064173812858,0.00398024084802273,-0.0290313633332993,6.66090436662948,8.47202153478836,10.4963082897619
317,5.47316894531252,7.73508604079433,96.1184877500263,0.000105553110696377,-0.0286016866667005,6.34766322544645,8.37319431922141,10.4664921119048
318,6.84102783203127,9.17517282832386,95.3897283557515,0.044860908587907,-0.0281566383333001,6.61675851004466,8.58404998835701,10.4370760409524
319,9.11275634765627,9.64609481107186,100,28.4077803371474,-0.0276960099999997,7.12131870814734,8.87946824892618,10.4080749657143
320,8.99868164062502,10.42361720852,99.9091863618533,0.549779542780016,-0.0272196216666991,7.34474225725448,9.00577336909564,10.3795040076191
321,6.37282714843752,7.52128704148366,99.5250164897544,0.0977451918515726,-0.0267273016666998,6.77908586774556,8.30484314181001,10.3513785061905
322,9.41445312500002,12.1294787147423,98.8696601067639,0.512965425514267,-0.0262189100000008,7.25045166015627,9.04547405624013,10.3237140016667
323,7.94393310546877,9.29704185771655,98.6170862984725,0.299139287562866,-0.0256943216666006,7.73669259207591,9.41825407180751,10.296526217381
324,7.85024414062502,8.88257568707162,98.6602897017235,0.613805104876519,-0.0251534399999986,8.07627476283484,9.58218116413284,10.2698310397619
325,3.68386230468752,4.41324942322484,100,3.16182558890432,-0.0245961950000009,7.62525111607145,8.90190639197583,10.2436444969048
326,4.66005859375002,7.39837502775327,99.4602492167304,0.301373825095652,-0.0240225449999993,6.98915143694199,8.58080356578746,10.2179827347619
327,6.94204101562502,9.26111548146421,100,5.46465598745272,-0.0234324716667,6.69534563337056,8.41473189049378,10.1928619940476
328,1.07186279296877,2.64782467564423,99.8465197533369,0.358779630005301,-0.0228260000000002,5.93806501116074,7.71852298108815,10.1682985821429
329,5.90450439453127,6.44161979859801,100,18.2290037628263,-0.0222031700000009,5.43664376395091,6.90597170735325,10.144308847381
330,7.77382812500002,9.84899824692219,100,4.62637035525404,-0.0215640716666989,5.41234305245538,6.98482262009691,10.1209091483333
331,2.89376220703127,4.34625432673765,100,2.54272308666259,-0.0209088200000007,4.70427420479913,6.33677671147777,10.0981158235714
332,5.46505126953127,7.64534992528961,100,8.20762870716862,-0.0202375666665997,4.95872977120538,6.79850535462988,10.07594516
333,5.46468505859377,4.59558611981884,100,5.4009426094126,-0.0195505033333703,5.0736764090402,6.39810693921068,10.0544133595238
334,6.06783447265627,8.62104700826134,100,1.18327679956565,-0.0188478583333289,4.94878976004466,6.30666858589598,10.0335365038095
335,8.11824951171877,10.372317586767,100,4.53832508355845,-0.0181298950000013,5.95541643415181,7.41016757319923,10.0133305202381
336,3.93276367187502,3.98595154212211,100,1.61221778398613,-0.0173969216666698,5.67373918805806,7.0593578222741,9.99381114357142
337,0.535119628906273,1.67557826540173,99.9618383659057,0.440757548858528,-0.0166492766666604,4.63963797433038,5.89172639634261,9.97499388047619
338,1.16121826171877,2.93560880098865,99.6713469685763,0.176262904005853,-0.0158873499999999,4.39213169642859,5.6902056069499,9.9568939702381
339,2.30697021484377,3.81938582528325,99.4599908288046,0.28496579034254,-0.0151115599999994,3.94097726004466,5.14363930694899,9.93952634666667
340,3.01717529296877,4.50618721900746,99.1989975136095,0.23651002720726,-0.0143223700000004,3.59133300781252,5.13086803540451,9.92290559928571
341,2.30507812500002,3.54489653555318,98.9072270127943,0.0783442487772845,-0.0135202799999998,3.05379638671877,4.40570368216048,9.90704593452381
342,2.72713623046877,4.37453190986438,98.5024998691394,0.0369092845176056,-0.0127058283333401,2.2836373465402,3.54887715688868,9.89196113642857
343,4.66219482421877,6.87765796473632,98.462974834134,0.88271244749194,-0.0118795949999999,2.38784179687502,3.961978074405,9.87766452785714
344,6.34798583984377,6.17244540674176,100,9.0863810328301,-0.0110421883333292,3.21825125558038,4.604387666025,9.86416893190476
345,5.81319580078127,7.21337704748958,100,1.49253373820102,-0.0101942600000005,3.88281947544645,5.21549741552513,9.85148663452381
346,-0.453588867187477,-2.2268426180855,100,5.96345271333121,-0.00933648666667075,3.48845389229913,4.35175049504388,9.83962934761905
347,0.677331542968773,1.27528403001186,100,2.07145076274173,-0.00846958500000028,3.15419049944198,3.89019289661594,9.82860817285714
348,3.00759277343752,5.07560729127779,100,0.83551212810562,-0.00759429999999917,3.25454973493306,4.10886586171946,9.81843356666666
349,3.76149902343752,4.17966068711705,100,18.1114315637387,-0.00671139666665965,3.40231584821431,4.08102711561269,9.80911530785714
350,5.27138671875002,5.62206775188583,100,14.5358077134006,-0.00582167666667033,3.48934326171877,3.90165708520548,9.80066246595238
351,3.88448486328127,5.11326815339391,100,4.93963052576873,-0.00492596166666992,3.13741455078127,3.75034604901293,9.79308337071428
352,3.21267089843752,4.81845610558097,100,7.57706293370575,-0.00402508833333037,2.76591099330359,3.40821448588313,9.78638558571429
353,2.90499267578127,4.18215754820639,100,2.17729157157009,-0.00311991666666955,3.24570835658484,4.32378593821054,9.78057588214286
354,0.637353515625023,1.58230725398275,99.9908447387132,0.431267108069733,-0.00221132000000068,3.23999720982145,4.36764639877781,9.77566021642857
355,1.03457031250002,0.853906485559032,100,23.6021980526857,-0.0013001883333299,2.95813685825895,3.76454628367513,9.77164370952381
356,5.46138916015627,7.23089067678698,100,1.25042543004383,-0.000387411666670445,3.20097830636163,4.20043628219941,9.76853062904762
357,5.43752441406252,7.69627412494624,100,1.37434735734132,0.000526110000000912,3.22471226283484,4.4967514783509,9.76632437523809
358,5.03707275390627,4.27597930919224,100,21.5760810533538,0.00143946666666928,3.38936767578127,4.37713878632209,9.76502746833333
359,5.71285400390627,5.85570988967789,100,0.538143058292917,0.00235176333332987,3.74653669084823,4.52531789833593,9.76464154023809
360,1.23720703125002,2.42871175101206,100,6.98978183208965,0.00326209333334049,3.50828159877234,4.27482564159388,9.76516732785714
