"DOY","Ta","Tw","Smoi","Prec","Dch","Taweek","Twweek","Dwk"
1,3.22759399414065,3.9789744170231,100,4.35846086475067,0.0109382349999994,3.36710728236609,3.48284767819548,9.78772586761905
2,2.7165466308594,3.02411790991999,100,5.45665971003473,0.0097158050000008,3.4727242606027,3.63956268849043,9.79493857309524
3,3.19716796875002,2.86212074344493,100,2.87113998638233,0.010577249999999,3.65239432198663,3.72566360014733,9.80306666142857
4,3.5653015136719,4.97718080957294,99.4743456739355,0.35451851090329,0.0114291233333308,3.81875000000002,4.07872241992783,9.81210272333333
5,4.0462585449219,3.89714910721598,99.126785917356,0.535660365130752,0.0122707283333394,3.59052647181922,3.64668088907505,9.82203854119048
6,2.04558715820315,2.07722667179402,98.5482176562715,0.22614760837314,0.0131014050000005,3.29696480887279,3.51790179997773,9.83286511595238
7,1.9388366699219,1.86330015475305,98.4538618260161,0.361466254616971,0.0139205216666607,2.9624703543527,3.24000997338914,9.84457269714286
8,2.4932800292969,4.95845514782656,100,5.26180265296716,0.0147274833333402,2.85756835937502,3.37993579207535,9.85682159952381
9,1.8633972167969,-1.25730216005773,100,1.15486573122325,0.0155217383333284,2.73568987165181,2.76830435350711,9.86989992095238
10,2.3098083496094,3.12180377780896,100,2.1740326701547,0.0163027650000007,2.60892421177458,2.80540192984483,9.88379617309524
11,2.21355590820315,2.74081702171441,100,0.857859322422883,0.0170700866666706,2.41581769670761,2.48592138872218,9.89849827714286
12,2.8090759277344,3.03925243436951,99.677284706418,0.373927059627022,0.0178232600000001,2.23907732282369,2.36336472117268,9.9139936
13,7.00005493164065,7.03610554567485,100,18.2566247531213,0.0185618833333301,2.94685843331476,3.07177598886994,9.93026899119048
14,2.0270935058594,1.97283162512932,100,2.10064044949831,0.0192855983332993,2.9594665527344,3.08742334178084,9.94731082190476
15,5.41420898437502,5.67892433271995,100,9.34963973122649,0.01999408,3.37674211774556,3.19034751105132,9.96510502357142
16,5.87249145507815,6.67721756143137,100,1.78101745405002,0.0206870466666995,3.94946986607145,4.32385032840691,9.98363712642856
17,6.19878540039065,7.5239207633692,99.7740295931934,0.868044389790157,0.0213642533332994,4.50503801618306,4.95272418348694,10.0028922990476
18,6.8284851074219,8.32141971282245,99.6497647371166,0.766602715884801,0.0220254916667013,5.16431361607145,5.74995313935952,10.0228553866667
19,6.6700378417969,7.86360814826028,99.4661184008929,0.801530495664338,0.0226705949999992,5.71587960379467,6.43914681277249,10.0435109507143
20,5.9587341308594,7.30657946642337,98.8995507105501,0.431148464485887,0.0232994266666999,5.56711948939735,6.47778594430799,10.0648433066667
21,5.05416259765627,3.30182668141392,100,6.07110159762669,0.0239118916666001,5.99955793108261,6.66764238092008,10.0868365616667
22,5.90288696289065,6.13406417479346,100,2.70949258265318,0.0245079266667005,6.06936907087056,6.73266235835915,10.1094746519048
23,2.8034606933594,3.66873749282425,100,4.92537365062162,0.0250874966666998,5.63093610491074,6.30287949141528,10.1327413778571
24,1.9859558105469,2.58143408265915,100,1.92102106666425,0.0256506049999992,5.02910330636163,5.59680996559955,10.1566204397619
25,2.25209960937502,3.36825048566172,100,1.63950626301812,0.026197281666601,4.37533394949779,4.88921436171945,10.1810954716667
26,2.16054687500002,3.91605419262454,100,1.90346054296242,0.0267275849999997,3.73112095424109,4.32527808234292,10.2061500735714
27,2.07705078125002,4.91315060500831,100,2.19601970457006,0.0272416016667005,3.17659476143975,3.98335967356934,10.2317678433333
28,2.31203613281252,4.04243161537635,100,2.08123965421692,0.0277394399999995,2.78486240931922,4.08916037842111,10.2579324057143
29,3.26113281250002,4.47863510195284,100,2.02376522793202,0.0282212383333,2.40746895926341,3.85267051087245,10.2846274411905
30,2.8045593261719,4.9943168741944,100,1.93017258425243,0.0286871499999997,2.40762590680806,4.04203899392533,10.3118367128571
31,1.06215820312502,2.81279749472678,100,27.3529440164566,0.0291373566667001,2.2756548200335,4.07509090993499,10.3395440919047
32,1.8250671386719,1.37783548842451,100,11.6307121061254,0.0295720533333004,2.21465018136163,3.79074591032968,10.3677335811905
33,3.50502929687502,3.79559699058589,100,10.115221812157,0.0299914499999989,2.40671909877234,3.77353773860987,10.3963893369047
34,3.43825683593752,4.77024090695839,100,1.28596893773647,0.0303957816667015,2.60117710658484,3.75312206745988,10.4254956897619
35,4.2165466308594,6.42820146883911,99.5553582923141,0.61803743847122,0.0307852883333002,2.87325003487725,4.09394633224027,10.4550371638095
36,4.97237548828127,5.75783926931158,100,3.08070593746379,0.0311602266666995,3.11771327427458,4.27668978472009,10.4849984933333
37,1.98699340820315,3.12355957605981,100,3.51886083080899,0.0315208649999992,3.00091814313618,4.00943874212944,10.5153646392857
38,1.58965454101565,3.5611315916078,100,1.45707635965664,0.0318674783333002,3.07627476283484,4.11634361311244,10.546120802619
39,0.593041992187523,2.51312197234156,100,6.97612194926478,0.0322003533333994,2.90027117047993,4.27852739652916,10.5772524373809
40,0.646234130859398,3.32195134926989,100,7.55559667595662,0.0325197816666005,2.49187186104913,4.21086373348402,10.6087452623809
41,0.288140869140648,2.98670383078976,100,7.65378717915155,0.0328260583334004,2.04185529436386,3.95607272260279,10.6405852697619
42,1.54781494140627,3.62702519647178,100,2.40816061705118,0.0331194883333001,1.66060791015627,3.55590468369317,10.6727587342857
43,2.37969360351565,5.31875128216331,100,2.02449100470403,0.0334003749999994,1.29022478376118,3.49317782838627,10.70525222
44,1.26128540039065,3.72718230959356,100,6.86062994645908,0.033669025,1.18655221121654,3.57940964746252,10.7380525857143
45,1.18935546875002,4.06514338317268,100,6.22075967839919,0.0339257499999999,1.12936662946431,3.65141133197179,10.7711469902381
46,2.15532836914065,5.19459183751907,100,3.58021970896516,0.0341708516667012,1.35255039760047,4.03447845556858,10.8045228945238
47,1.8306823730469,4.93967473970435,99.532297088992,1.00844563348801,0.03440464,1.52175728934154,4.26558179705922,10.8381680642857
48,2.32167968750002,5.61120643366374,100,4.81769966427237,0.0346274233332995,1.81226283482145,4.64051074032693,10.8720705719048
49,3.28276977539065,6.41050230430644,100,4.2295108869439,0.0348394983332998,2.06011352539065,5.03815032716045,10.9062187952381
50,4.11995849609377,6.89551665275368,99.3510426673361,0.617564001004212,0.0350411683334002,2.30872279575895,5.26340252295907,10.9406014176191
51,5.20659790039065,5.85052042314278,99.8326423911105,1.86239958566148,0.0352327250000002,2.87233886718752,5.56673653918039,10.9752074257143
52,4.86293945312502,7.0533876766176,100,17.2474712599069,0.0354144616665995,3.39713657924109,5.99362858110109,11.0100261069048
53,1.4128356933594,2.42132417119593,100,7.83910800237209,0.0355866583334006,3.29106619698663,5.59744748591207,11.0450470461905
54,1.44561157226565,4.27520701208668,99.8133043311319,1.30995649669785,0.0357495950000004,3.23605608258931,5.50252352482384,11.0802601219048
55,3.7191101074219,8.14685565808725,100,4.62674324808177,0.035903545,3.43568899972101,5.86475912831291,11.1156555007143
56,1.94707641601565,4.38069452205543,100,3.20094732160214,0.0360487733332988,3.24487566266743,5.57478658799134,11.1512236330953
57,2.99346313476565,4.55866562438112,100,2.16966909647454,0.0361855349999995,3.08394775390627,5.24095072679526,11.1869552464286
58,3.82369384765627,6.00376673910706,100,3.23409512930084,0.0363140800000004,2.88639003208708,5.2628430576473,11.2228413390476
59,2.73626098632815,3.0847948750548,100,10.6876890640706,0.0364346483332998,2.58257882254467,4.69590122885261,11.2588731726191
60,3.58126220703127,6.54076028422322,100,3.65832856914494,0.0365474783334001,2.89235403878351,5.28439210214222,11.2950422661905
61,4.8172546386719,6.83050684493803,99.3581136601095,0.79517049016431,0.0366527866666004,3.3740173339844,5.6494349354067,11.3313403871429
62,5.55385742187502,5.04282567546955,100,5.40257788088638,0.0367507933334004,3.63612409319199,5.20600208074703,11.3677595435714
63,1.80581054687502,5.32839559365132,100,3.807966641034,0.0368417016665994,3.61594325474333,5.34138794811787,11.4042919754762
64,2.8204284667969,5.71928677575816,99.9080330183211,1.74104952748166,0.0369257083334009,3.59122401646208,5.50719096974316,11.4409301464286
65,3.19307861328127,6.56960990788658,100,6.75765622872859,0.0370029983332998,3.50113612583708,5.58802570814024,11.4776667342857
66,4.60320434570315,7.22900427474969,100,3.17371486744378,0.0370737533332992,3.7678423200335,6.18005562238236,11.5144946228571
67,8.03179321289065,9.17221181881431,99.7945320390218,1.66279805853264,0.0371381350000011,4.4036324637277,6.55597727018109,11.5514068909524
68,7.42189941406252,11.1415618105675,100,6.40895086689852,0.0371963016666985,4.77572457449779,7.17184226527102,11.5883968040476
69,9.4898620605469,11.9810009647644,98.7612825010992,0.746923751648865,0.0372484016667016,5.33801095145092,8.16301016374171,11.6254578040476
70,4.7376647949219,6.62840075351084,100,4.15835711464752,0.0372945699999985,5.75684727260047,8.34872518657878,11.6625834995238
71,5.20528564453127,8.99433272593238,100,2.01473958441056,0.0373349350000005,6.09754115513395,8.81658889374653,11.6997676559524
72,5.12954101562502,8.22567545216665,100,6.50387519272044,0.0373696133333006,6.37417864118306,9.05316968578654,11.7370041859524
73,5.19179687500002,7.82543942284967,100,2.57135379797546,0.0373987099999997,6.45826328822547,9.13837470694368,11.7742871383333
74,5.43422851562502,7.74024039264873,99.7444733519051,1.25771002785768,0.0374223199999992,6.08718261718752,8.9338073603486,11.8116106885714
75,6.88787231445315,9.36591722914665,100,3.58287361450493,0.0374405283333008,6.01089303152904,8.68014384871705,11.8489691283333
76,7.93438110351565,11.6177708739976,100,2.67558825726155,0.0374534166667004,5.78868146623886,8.62825383575036,11.8863568559524
77,7.79046020507815,9.12770789924549,100,8.4202183643356,0.0374610416666989,6.22479509626118,8.98529771371245,11.9237683652381
78,3.6566101074219,7.83433039863707,100,9.97608731267974,0.0374634666666012,6.00355573381699,8.81958309552741,11.9611982361905
79,3.7189880371094,8.50364067052354,100,8.35804239613935,0.0374607283334001,5.80204816545761,8.85929241243553,11.9986411235714
80,5.87029418945315,8.80762576403419,100,1.99918631551554,0.0374528683332986,5.89897635323663,8.99960474689047,12.0360917478571
81,8.77068481445315,12.0942062228755,99.3338742797472,1.46581141962088,0.037439908333301,6.37561296735494,9.62159986549429,12.0735448847619
82,7.27681884765627,6.06707021532862,100,8.73508761287667,0.0374218633333996,6.43117675781252,9.15033600637743,12.1109953552381
83,6.22710571289065,10.0028175436445,100,8.94805489224382,0.0373987366665993,6.18728027343752,8.91962838775556,12.1484380142857
84,5.89614257812502,9.69492497186827,100,5.20290996064432,0.0373705283334012,5.91666346958708,9.00065939813024,12.1858677428571
85,5.6789489746094,9.42898478305991,100,3.09640563500579,0.0373372166666002,6.20556902204243,9.22846716733351,12.2232794357143
86,5.79067382812502,9.39558496682883,99.2588140697644,1.16922110464657,0.0372987833333998,6.50152413504467,9.3558877810914,12.2606679935714
87,6.3117614746094,11.6309362354282,97.4099129247478,0.0476482824751656,0.0372551883332992,6.56459089006699,9.7592178484334,12.2980283114286
88,8.2525573730469,13.8542805661137,95.2832391228696,0.0439892971826339,0.0372063899999997,6.49057268415181,10.0106570403246,12.3353552695238
89,9.43645629882815,13.4715495537887,93.2928218915035,0.00437415295095889,0.0371523383332999,6.79909232003351,11.0684398029617,12.3726437240476
90,9.1995788574219,13.550361579396,91.4408699108642,0.0160720290409699,0.0370929666667017,7.22373134068083,11.5752318080691,12.4098884971429
91,9.66253051757815,15.1243185314673,93.4843105819567,5.83716100663878,0.0370282033332998,7.7617867606027,12.3508594594404,12.4470843666667
92,11.3948913574219,14.515139166459,100,29.1385542368516,0.0369579666666997,8.57834995814735,13.0774529427831,12.484226057619
93,11.4571472167969,13.2299651947386,100,65.8912409562618,0.0368821700000002,9.38784615652904,13.6252215467702,12.5213082323809
94,8.50310668945315,10.242255466316,100,26.509998133406,0.0368007116667002,9.70089547293529,13.4268385797542,12.5583254819048
95,9.81875000000002,16.488662608817,97.7984867228351,0.045730084252682,0.0367134833332994,9.92463727678574,13.8031788715689,12.5952723161905
96,13.177392578125,17.1126906181046,100,6.71787565806881,0.0366203699999996,10.4590567452567,14.3233418807569,12.632143155
97,12.7044311523438,14.7391524831991,100,16.9901817571372,0.0365212449999994,10.9597499302456,14.4931691527288,12.6689323192857
98,15.5191589355469,20.8446801232507,98.0506210285075,1.81193154276116,0.0364159766667012,11.7964111328125,15.3103636658407,12.7056340226191
99,16.1888671875,21.6029384731214,95.0119138969159,0.128939302612707,0.0363044249999991,12.4812648228237,16.3229064239353,12.7422423628572
100,11.5856567382813,12.6254723956263,100,15.0682812090963,0.036186438333301,12.4996233258929,16.2365503097764,12.7787513128572
101,7.98726806640627,13.37907718794,97.9219865000201,0.297979750030208,0.0360618600000002,12.425932094029,16.6846676985799,12.8151547126191
102,8.51397094726565,14.5193484426735,95.7034462246567,0.0681895869547589,0.0359305283332993,12.2395350864956,16.4033371034165,12.8514462616667
103,12.005517578125,17.898091689543,94.5244104104807,2.194446278736,0.0357922716667005,12.0721243722098,16.5155372564791,12.8876195109524
104,12.625146484375,13.5747447876051,98.140967833963,6.61083613522351,0.0356469083333,12.0607979910714,16.3491932999657,12.923667855
105,14.254296875,15.3207123577637,100,4.22030716435984,0.035494258333399,11.8801034109933,15.5600550477533,12.959584525
106,17.85341796875,19.650719251141,100,8.13576698419638,0.0353341283333002,12.1178963797433,15.2811665874704,12.9953625811905
107,13.2524047851563,15.3278653742309,100,9.7191397799179,0.0351663200000001,12.3560032435826,15.667222727271,13.0309949061905
108,14.8125244140625,20.7223496622775,97.5747206285882,0.0170809428823304,0.0349906349999998,13.3310398646764,16.7162616521764,13.0664741990476
109,16.9735046386719,20.4925804027636,99.5237854908755,6.41359729343094,0.0348068616667003,14.5395446777344,17.5695805036178,13.1017929680952
110,11.7544494628906,16.9698471568722,97.4740409044917,0.0953831204242306,0.0346147900000009,14.5036778041295,17.4369741418077,13.1369435254762
111,13.7065063476563,18.8110968404216,100,16.5550824021921,0.0344142016665998,14.6581577845982,18.1850244350672,13.1719179819048
112,8.97084960937502,9.90563264510653,100,12.8745625261217,0.0342048783333997,13.9033796037947,17.4114416189733,13.2067082411905
113,8.24404296875002,14.3402586896957,98.078158768904,0.447238153356011,0.0339865933332995,12.5306117466518,16.6528043959097,13.2413059954762
114,10.1456237792969,14.258364870531,96.8945405085797,0.921572609513532,0.0337591233333008,12.0867858886719,16.5000186096669,13.2757027216667
115,10.0333190917969,13.1763223781455,100,13.5220907395706,0.0335222349999995,11.4040422712054,15.4220147119337,13.3098896764286
116,12.4003845214844,18.9509350974169,96.8040000024654,3.69806758186795e-09,0.0332757016666996,10.7507393973214,15.2017796683128,13.3438578940476
117,15.0174499511719,17.1700968865354,100,17.75862328941,0.0330192900000004,11.2168823242188,15.2303867725504,13.3775981830952
118,14.8101135253906,15.9835951340784,100,12.8855783259496,0.0327527683332995,11.3745404924665,14.8264579573585,13.4111011245238
119,16.8269287109375,19.3177736452582,100,11.4590679004323,0.0324759066667006,12.4968375069755,16.1710495288087,13.44435707
120,18.8151184082031,21.2439137356778,100,8.08844415587373,0.0321884699999995,14.006991141183,17.157285963949,13.4773561407143
121,15.1455322265625,17.6767445582532,98.9076448205188,0.703467230778188,0.0318902366667011,14.7212637765067,17.6456259193379,13.510088227619
122,19.18935546875,24.5992981698077,95.4820127112036,0.0105518360271617,0.0315809733333001,16.0292689732143,19.2774796038611,13.5425429914286
123,19.6592041015625,24.4594609480213,100,12.7426479593851,0.0312604616666992,17.0662431989397,20.0644118682331,13.5747098638095
124,12.6326538085938,17.7674930749648,97.171177651814,0.0307664777210448,0.0309284833332999,16.7255580357143,20.1497541808659,13.6065780495238
125,15.7024780273438,20.9187977757084,94.0210454112036,0.0928016390844277,0.030584825,16.8530386788505,20.8547831296702,13.6381365290476
126,17.4691101074219,22.1187374125405,91.2869709257679,0.820888271846343,0.0302292800000004,16.9447788783482,21.2549208107105,13.6693740619048
127,15.7112670898438,17.4839457418157,98.4614503813308,12.3117191833444,0.0298616466666992,16.501371547154,20.7177825258731,13.7002791914286
128,14.5031372070313,18.707079150166,96.1827315586869,0.235921766034153,0.0294817383333008,16.4096008300782,20.8649731818606,13.7308402497619
129,17.1826416015625,22.6287429872161,92.5728522376188,0.0151810183979251,0.0290893666666996,16.1229274204799,20.5834652986333,13.7610453642857
130,15.7836853027344,17.4523160674514,100,15.636756143067,0.0286843650000002,15.5692818777902,19.582444601409,13.790882465
131,16.9947448730469,17.6107074685664,100,50.1213828101754,0.0282665683333008,16.1924377441407,19.5600466576378,13.8203392921429
132,14.2686096191406,17.3336239326938,100,8.97896898095496,0.0278358316666996,15.9875994001116,19.0478789657786,13.8494034059524
133,15.2353454589844,21.2901185525055,96.8548174392154,0.0882261588230904,0.0273920133332997,15.6684901646206,18.9295048429164,13.8780621959524
134,16.00771484375,21.3632804890847,93.6734182008375,0.10590114243314,0.0269350016667005,15.71083984375,19.4836955210977,13.9063028938095
135,13.8010192871094,19.93206222388,90.2562566404513,0.0122576594208113,0.0264646816665994,15.6105372837612,19.6586931030568,13.9341125835714
136,16.6144958496094,18.7423394556924,89.1377605189892,1.79125581780681,0.0259809700000009,15.5293736049107,19.1034925985535,13.9614782166667
137,12.360986328125,17.3687861562229,86.5134454622839,0.185527414942044,0.0254837933333985,15.040416608538,19.0915597540922,13.9883866252381
138,16.1183715820313,21.7310408495891,82.7667787961259,7.62955186360418e-10,0.0249731016666015,14.9152204241072,19.6801788085241,14.0148245385714
139,17.2290588378906,20.4749032929876,94.6571703599835,21.5615873457864,0.0244488566666998,15.3381417410714,20.1289330028517,14.0407785983333
140,15.3527160644531,18.2254982499174,96.081699799131,5.35979415872134,0.0239110499999988,15.3549089704241,19.691130102482,14.066235377619
141,18.8848205566406,22.8138899939706,92.2878307381841,0.219196408579592,0.0233596916667,15.7659240722656,19.8983600317514,14.0911813983333
142,18.8313232421875,21.2224952527476,90.4354979280861,1.25450078485301,0.0227948083333001,16.4845389229911,20.0827076073039,14.1156031514286
143,15.1122375488281,19.7959584560186,97.7693527344447,15.0467822095379,0.0222164616666998,16.269930594308,20.2332246073505,14.1394871176191
144,13.920556640625,14.4224282304363,100,42.1395408920944,0.0216247266665999,16.4927263532366,19.8123163322382,14.1628197885714
145,11.6629577636719,14.0618295015231,100,4.0203445678344,0.0210197083334016,15.8562386648995,18.7167147110859,14.1855876890476
146,16.2374206542969,22.9850962334779,96.4607016075236,0.561052411285345,0.0204015383332994,15.7145760672433,19.0753137025845,14.2077774011905
147,16.395654296875,20.9367923128755,100,10.718766861828,0.0197703699999998,15.8635672433036,19.4626414258642,14.2293755876191
148,18.8423400878906,24.2572236023918,96.9411528120964,0.827729218144668,0.0191263933333001,15.8574986049107,19.668831941353,14.2503690171429
149,21.0568481445313,25.9557012943515,92.9807194082825,0.287349894279032,0.0184698099999991,16.175430733817,20.3450042330107,14.2707445897619
150,21.4050231933594,26.5840634950042,89.0837036227439,0.1394763216922,0.0178008616667,17.0744001116072,21.3147335242943,14.2904893623809
151,17.3496643066406,21.0948385777368,92.3879549090109,8.01237692940049,0.0171198166667015,17.5642726353237,22.2679350024801,14.3095905764286
152,16.937890625,21.4161597772048,92.9275678932609,4.17841947637498,0.0164269633332985,18.3178344726563,23.3185536132918,14.3280356840476
153,16.4981018066406,20.0284524271202,100,24.1458386881277,0.0157226250000004,18.3550746372768,22.8961759266693,14.3458123754762
154,16.8122192382813,20.8675611397657,100,7.27596125216223,0.0150071533333005,18.4145839146205,22.8862857590821,14.3629086073809
155,17.3985534667969,21.6360593888995,98.0322946876294,0.82444203144405,0.0142809216666997,18.2083286830357,22.5118337285832,14.3793126290476
156,20.19912109375,24.4053739436887,95.6169463639553,1.33497751448886,0.0135443316667008,18.0857962472098,22.2903583927743,14.3950130109524
157,21.8085876464844,26.6935162144209,91.4615200024512,0.0748604577438527,0.0127978183332988,18.143448311942,22.3059944955481,14.409998672381
158,22.6562438964844,27.0654325169574,87.4492701716674,0.0996252538243425,0.0120418366667003,18.9015311104911,23.1589364868653,14.4242589080952
159,23.0237670898438,27.2532058664796,83.5651544649299,0.307826439893688,0.0112768633333005,19.7709420340402,23.9928002139046,14.4377834152381
160,21.961572265625,26.9805206113983,79.488118498981,0.00544605107677398,0.0105034083332995,20.5514378138951,24.9859528116586,14.45056232
161,24.3642517089844,28.3621454334935,76.2040848258735,0.66094949033868,0.00972199833340071,21.6302995954241,26.0566077107626,14.4625862026191
162,23.8106323242188,27.7280068719511,73.8808399660747,1.83913271030178,0.00893318666659937,22.5463108607701,26.9268859226271,14.4738461230952
163,22.3217712402344,24.3840931585681,73.5557341786817,2.97734131891048,0.00813753999999989,22.8495465959822,26.923845810467,14.4843336447619
164,21.3820739746094,25.0429048802517,82.2165887327463,16.4112818310969,0.00733565500000033,22.7886160714286,26.6880441913,14.4940408573809
165,19.529443359375,21.3488662404182,81.5356484620362,2.06758959393483,0.00652813666670049,22.341930280413,25.8713918660801,14.5029603985714
166,21.2611022949219,26.3480584549807,77.1895828747725,0.00590161910452025,0.00571560999999932,22.0901210239956,25.7420850930088,14.511085475
167,22.5081420898438,26.5241227438782,74.3202770970678,0.68404133344302,0.00489871833329936,22.1682024274554,25.6768853976488,14.5184098814286
168,21.231103515625,23.1814178252692,94.624012894945,32.2706036968157,0.00407811166670058,21.720609828404,24.9367814536167,14.5249280183333
169,21.4346862792969,24.2756627559074,100,31.8861071718857,0.00325445500000043,21.3811889648438,24.4435894370391,14.5306349078571
170,21.1828552246094,24.2366131654574,100,19.734057423193,0.00242841833329877,21.2184866768973,24.4225208665947,14.5355262085714
171,21.6215454101563,24.9602820232297,100,11.243481276324,0.00160068500000143,21.2526968819755,24.4107176013058,14.5395982278571
172,22.1625305175781,25.7131397900616,100,14.289771206677,0.000771938333398836,21.6288521902902,25.0341852512549,14.5428479330952
173,21.463037109375,24.8046728849492,100,28.3882312942296,-5.71366666992645e-05,21.6577000209264,24.8137015983932,14.5452729602381
174,22.7556701660156,26.2498568509939,100,4.54558139608707,-0.000885845000000884,21.6930611746652,24.7745207565526,14.5468716211905
175,22.61611328125,24.5513829036003,100,10.0973258668091,-0.00171350499999967,21.8909197126116,24.9702300534571,14.5476429083333
176,20.9553161621094,22.5332171802093,100,16.095643513836,-0.00253942999999879,21.8224382672991,24.7213092569288,14.547586497619
177,21.8958068847656,25.6829623907071,100,3.77603792003356,-0.00336294166670115,21.9242885044643,24.9279305748216,14.5467027497619
178,22.6386657714844,26.1405671621175,100,30.8053335174918,-0.00418336666660046,22.0695914132254,25.0965427375198,14.5449927088095
179,22.8675170898438,25.4741124659544,100,46.7824342194945,-0.00500004499999918,22.170303780692,25.0623959769331,14.5424580988095
180,22.4583068847656,24.8879411836763,100,26.6112358076498,-0.00581232333339976,22.3124851771763,25.0742914481798,14.5391013192857
181,22.0023132324219,23.5646550597728,100,12.7800114569254,-0.0066195633333006,22.2048627580915,24.6906911922911,14.5349254371429
182,23.2155090332031,24.5880032238461,100,49.345992738381,-0.00742114500000035,22.2904907226563,24.6959226666119,14.5299341778571
183,24.5622192382813,27.5646769844904,100,6.5616266510915,-0.00821645666670001,22.8057625906808,25.4147026386521,14.5241319147619
184,23.4154602050781,24.1795294556615,100,33.7918900186196,-0.00900491333329967,23.022855922154,25.1999265050741,14.5175236557143
185,22.652734375,23.8779566403286,100,12.4584446894005,-0.00978594499999907,23.0248657226563,24.8766964305329,14.5101150283333
186,21.0853210449219,24.5435830236322,98.7849638755474,1.42144581332104,-0.0105590016667012,22.7702662876674,24.7437636530583,14.5019122642857
187,20.22646484375,23.6361969881209,97.2525144019465,1.14332578959875,-0.0113235583332987,22.4514317103795,24.5649430536932,14.4929221809524
188,20.6101013183594,24.8976511030246,95.4297611092056,1.55387006088858,-0.0120791133333,22.2525442940848,24.755371059872,14.4831521619048
189,21.4796691894531,22.9356618531249,100,22.4143281229772,-0.0128251883333999,22.0045671735491,24.5193222926262,14.4726101366667
190,22.6651245117188,25.1767725512767,100,67.9801683872938,-0.0135613266666006,21.733553641183,24.1781930878813,14.4613045585714
191,22.197900390625,23.6727615781582,100,36.3115133950487,-0.0142871049999993,21.5596165248326,24.1057976768094,14.4492443816667
192,21.9739318847656,24.0898746831818,100,3.22853920806665,-0.0150021233334012,21.4626447405134,24.1360716829313,14.4364390364286
193,22.1160522460938,24.4953344706026,100,18.5083292308263,-0.0157060050000002,21.6098920549665,24.1291790324985,14.422898405
194,23.1188293457031,25.50335930836,100,53.5294297151268,-0.0163984066665996,22.023086983817,24.3959165068184,14.4086327952381
195,23.3023315429688,26.103594181925,100,24.9769509537145,-0.0170790083334005,22.4076913016183,24.5681940895185,14.3936529147619
196,22.2966247558594,23.0334112470097,100,78.6587537731975,-0.0177475199999986,22.5243992396764,24.5821582886449,14.3779698440476
197,22.7642761230469,25.1194207148442,100,30.9093011310324,-0.0184036816666016,22.5385637555804,24.5739651691545,14.3615950083333
198,23.0464111328125,23.7552159513283,100,42.1430740971118,-0.0190472533333992,22.6597795758929,24.5857443653217,14.3445401514286
199,20.5723510742188,22.753856029973,100,2.57486626651371,-0.0196780333332995,22.4595537458148,24.3948845577204,14.3268173073809
200,22.4042602539063,26.5365110165679,100,4.44818033429328,-0.0202958350000007,22.5007263183594,24.686481207144,14.3084387733333
201,21.9585205078125,23.0520364159541,100,4.83323346998077,-0.0209005116666994,22.3349679129465,24.3362922225146,14.2894170814286
202,23.0834594726563,26.3248738385656,100,4.16705806856044,-0.021491928333301,22.3037004743304,24.3679036020347,14.2697649723809
203,23.9698120117188,27.3289486570846,99.4235757442508,3.31136361637618,-0.0220699916666991,22.5427272251674,24.981551803474,14.2494953673809
204,23.9511962890625,27.8203388565747,96.3074123620098,0.273754926638503,-0.0226346149999994,22.712287248884,25.3673972522926,14.2286213433333
205,25.0805297851563,28.7120378786026,92.6750019599637,0.443384396930924,-0.0231857550000001,23.0028756277902,26.0755146704746,14.2071561047619
206,25.4297119140625,28.9685040111584,88.3036807892307,0.0430182439004057,-0.0237233750000012,23.6967843191965,26.9633215249297,14.1851129602381
207,23.9511352539063,25.7202790473039,88.4925085594545,4.01624165533576,-0.0242474699999988,23.9177664620536,26.846716957892,14.1625052964285
208,25.5044494628906,28.7569649714417,85.1387745310011,0.55439895731979,-0.0247580583333011,24.4243277413505,27.6617067515331,14.1393465545238
209,24.3349243164063,26.5462257662491,82.4270273103433,0.0943791690133367,-0.0252551666666996,24.6031084333148,27.6933284554879,14.1156502071428
210,25.1234069824219,28.6805905616038,78.5796966888437,0.0760040677505458,-0.0257388583333,24.7679077148438,27.8864201561335,14.0914297359524
211,26.0148254394531,29.3732355895059,74.0296966888437,4.02205922903523e-14,-0.0262092016667008,25.0627118791853,28.1082625465522,14.0666986095238
212,26.6267639160156,30.1709505451111,69.3923633555103,1.95092731744437e-14,-0.0266662883332991,25.283602469308,28.3166786417677,14.0414702640476
213,26.5806518554688,30.2078446907123,65.372867866339,0.213756766243023,-0.0271102249999995,25.4480224609375,28.4937273102754,14.0157580828571
214,26.0575500488281,28.6601752596575,63.670214657576,2.54602018685546,-0.0275411366667004,25.7489388602121,28.9137124834688,13.9895753778571
215,25.064111328125,27.5964902829956,71.6220093414546,15.7396920258179,-0.0279591549999996,25.6860334123884,28.7479303851193,13.9629353733333
216,24.3158508300781,27.1510626941352,79.6894581775999,15.300173254218,-0.0283644383333002,25.6833086286272,28.8343356605316,13.9358511871428
217,24.8346496582031,27.9397802930434,79.2861013528107,3.76196476281621,-0.0287571399999997,25.6420575823103,28.7285056221659,13.9083358178571
218,24.7224060058594,27.3424133284325,80.7543357914275,6.22235165792517,-0.0291374416667001,25.457426234654,28.4383881562982,13.8804021285714
219,24.9566284179688,27.3532052527246,82.1323205208802,6.33697709417902,-0.0295055216666,25.2188354492188,28.0358531145287,13.8520628345238
220,24.1706481933594,26.6785946784314,87.2566752811209,11.3875321403611,-0.0298615766667005,24.8745492117746,27.5316745413457,13.8233304902381
221,23.4328857421875,25.7168315605832,89.5338543308252,6.47176857455634,-0.0302058033333008,24.4995971679688,27.1111968700494,13.7942174792857
222,23.8404174804688,25.9606913254305,92.4446930688618,7.71525810705498,-0.0305384166666993,24.3247837611607,26.877511304683,13.764736002381
223,24.2322937011719,26.8794687222305,92.7978856663634,4.6017888962524,-0.0308596233332992,24.3128470284598,26.8387121658394,13.7348980704762
224,23.9235473632813,26.8055201746694,98.8498249892697,12.6999089843594,-0.0311696483334014,24.1826895577567,26.6766750060717,13.7047154945238
225,24.091943359375,26.4332204905773,100,6.07970359851606,-0.031468714999999,24.0926234654018,26.5467903149496,13.6741998795238
226,25.2435241699219,27.4504233772902,98.9832508698727,2.674876304809,-0.0317570499999995,24.1336085728237,26.5606786184589,13.643362617619
227,25.4141784667969,28.0987936097443,100,6.24992680968717,-0.0320348866666009,24.3112557547433,26.7635641800751,13.6122148828571
228,23.7813659667969,25.9847213616171,100,23.4106453717686,-0.032302455,24.3610386439732,26.8018341516513,13.5807676264286
229,23.5593200683594,25.4636240276538,100,11.5546426968649,-0.0325599883334,24.3208818708148,26.7308245376832,13.5490315740476
230,24.3369079589844,26.6807481688513,100,4.98650333611295,-0.0328077233332991,24.335826764788,26.7024358872005,13.5170172216667
231,24.65322265625,27.9844089680734,100,5.72316712350585,-0.0330458933333002,24.4400660923549,26.8708485719725,13.4847348342857
232,24.3237854003906,27.881576417936,98.1000819871795,1.38312298076926,-0.033274731666701,24.4731863839286,27.0777565615952,13.4521944445238
233,24.4339233398438,27.9924943358308,95.843653739373,1.40935762829031,-0.0334944716666996,24.3575291224889,27.1551952699581,13.4194058516667
234,24.5839172363281,27.4009842612128,93.7987302851082,1.5486148186028,-0.0337053399999991,24.238920375279,27.0555082201679,13.386378622619
235,24.8334594726563,27.0728932187488,92.08126503566,1.24380212582764,-0.0339075683333014,24.3892194475447,27.2109613426153,13.3531220916667
236,24.2650390625,25.895385514492,90.3154367074446,0.969257507676957,-0.0341013766666993,24.4900364467076,27.2726415550207,13.3196453623809
237,25.3449951171875,28.7945214089627,86.6904923255267,0.169583427123143,-0.03428699,24.6340488978795,27.5746091607509,13.2859573092857
238,25.0003601074219,27.979397812597,85.7144903995665,2.44899711105973,-0.0344646233332995,24.6836399623326,27.5738932813972,13.2520665804762
239,25.3790832519531,28.5400787972856,83.0462872981697,0.63769534790481,-0.0346344866667003,24.8343967982701,27.6679650498757,13.2179816009524
240,26.1205688476563,28.684022929772,80.5996627193349,1.04806313174777,-0.0347967916666008,25.075346156529,27.7667548490101,13.1837105757143
241,25.2077270507813,27.4460128597458,83.6734027680563,8.03461007308215,-0.0349517383333993,25.1644618443081,27.7731875059434,13.1492614935714
242,24.875390625,27.0992153011785,82.4530797508989,1.37051547426381,-0.0350995233333009,25.1704520089286,27.7769478034334,13.1146421321428
243,25.2254272460938,27.8700836741044,81.2596875078954,2.58491163549479,-0.0352403366666998,25.3076503208706,28.0590475405209,13.0798600621428
244,23.5031677246094,25.4933820732255,90.5041802945562,16.1227391799912,-0.0353743666666002,25.0445321219308,27.5874562068441,13.044922652619
245,24.2501159667969,27.5059013279556,87.8114782647958,0.431946955359308,-0.0355017866666998,24.9373543875558,27.5198138518953,13.0098370769048
246,25.1733947753906,28.2811319275403,84.1064546905533,0.0154646386363311,-0.0356227716667004,24.9079703194755,27.4828214419317,12.974610317619
247,24.1941467285156,27.1296987392972,80.8618274540156,0.107059145193489,-0.0357374833332997,24.6327671595982,27.2607751290068,12.9392491738095
248,24.2775512695313,27.5489478920363,78.5390122591816,0.916777207748964,-0.0358460799999989,24.4998849051339,27.2754801336197,12.9037602669048
249,24.9587341308594,27.2793667568514,76.7338915968188,1.10531900645583,-0.035948715,24.5117911202567,27.3012160558587,12.8681500469048
250,25.7972045898438,27.3044228888289,76.0473492590449,3.29818649333902,-0.0360455233332999,24.5934735979353,27.2204073722479,12.8324248002381
251,25.8936096191406,27.2776996285038,79.2397130970805,8.47454575705342,-0.0361366450000009,24.934965297154,27.4753098801448,12.7965906566667
252,23.5327392578125,25.284842215421,82.1836837992083,6.8989560531918,-0.0362222049999996,24.8324829101563,27.1580157212113,12.7606535961905
253,24.0182739257813,26.6682591949801,79.2342179035193,0.279801156466419,-0.0363023216666996,24.6674656459264,26.9276053308455,12.7246194571429
254,24.4070678710938,26.4111722717513,76.2649965491712,0.0741679684779228,-0.0363771033333009,24.697882952009,26.8249586926247,12.6884939438095
255,23.988427734375,26.3272884267804,76.098859987084,3.83779515686911,-0.0364466549999989,24.6565795898438,26.6504359118738,12.6522826340476
256,22.110986328125,23.9401145034933,88.0458903234813,19.8505455045961,-0.0365110666667015,24.2497584751674,26.1733998756798,12.6159909883334
257,23.0702758789063,25.2137927676811,86.7998421358629,1.13292771857232,-0.0365704266666995,23.8601972307478,25.8747384298016,12.5796243564286
258,23.1264587402344,23.9941540169153,86.3526228096024,1.88117101060925,-0.0366248066666,23.4648899623326,25.4056604852889,12.5431879871429
259,22.7858520507813,22.6371035314055,92.8490707190035,11.1616718641017,-0.0366742766666999,23.3581917898996,25.0274121018581,12.5066870361905
260,22.6864868164063,23.8719876488386,93.5148037705761,3.18759957735892,-0.0367188933332994,23.1679364885603,24.6279447381236,12.470126575
261,22.6453491210938,24.9294969540023,91.1992382598356,0.274651733889186,-0.036758706666701,22.9162623814174,24.4162768355881,12.4335115990476
262,23.1299377441406,25.5890098593193,88.3541919976685,0.0444306067493017,-0.0367937566667003,22.7936209542411,24.3108084688079,12.3968470371429
263,23.6003356933594,26.2093538052888,85.4016372041421,0.0531678097104304,-0.0368240733332996,23.0063851492746,24.6349855119216,12.36013776
264,24.176904296875,26.2547257061116,82.7933649352956,0.321591596730286,-0.0368496816667001,23.1644749232701,24.7836902174116,12.3233885892857
265,23.9695678710938,25.3863636458838,84.7289088206334,5.74031582800671,-0.0368705866666001,23.2849190848215,24.9825773072643,12.2866043071429
266,24.3073669433594,26.6227505676676,88.7437128316108,9.32120601646602,-0.0368867999999996,23.5022783551898,25.5519554553017,12.2497896645238
267,22.9074035644531,24.4688839449282,100,30.0022715236992,-0.0368983099999998,23.533837890625,25.6372263547431,12.2129493909524
268,23.6331115722656,25.2926054001535,100,6.13373922533356,-0.0369051000000002,23.674946812221,25.6890989899075,12.1760882040476
269,22.5468994140625,24.5012871826955,100,13.0582688143477,-0.0369071466666995,23.5916556222098,25.5337100361041,12.1392108185714
270,22.9566589355469,24.4857128714896,99.1035359857514,0.978303978627082,-0.036904416666701,23.4997017996652,25.28747561699,12.1023219554762
271,21.8060852050781,22.7893381199891,97.8316154244918,0.23311915811064,-0.0368968616665999,23.1610133579799,24.7924202475439,12.065426352381
272,23.76748046875,25.8965213687491,99.8720047789853,6.5065840317402,-0.036884426666699,23.1321437290737,24.8652999222389,12.0285287721429
273,22.6045166015625,24.4366749643157,100,12.1758159366436,-0.0368670499999997,22.8888793945312,24.5530034074744,11.9916340133333
274,20.78115234375,22.2103283241403,100,33.7287085130811,-0.0368446583333011,22.5851292201451,24.2303526045047,11.9547469190476
275,19.6638427734375,20.5702685907012,100,46.1245479527861,-0.0368171633333993,22.0180908203125,23.5557330602972,11.9178723871429
276,19.8386169433594,20.6112752093341,100,8.91902309376746,-0.0367844766666003,21.6311933244978,23.0000170641027,11.8810153795238
277,20.3944641113281,22.006352214096,99.8016267307809,1.22244009617134,-0.0367464900000005,21.2651654924665,22.6458226844751,11.8441809328572
278,20.0037780761719,22.9061715852698,97.9610450846054,0.125127530736791,-0.036703095,21.0076930454799,22.6625131795152,11.8073741671429
279,20.9291931152344,23.824961416566,95.8635865721065,0.0168122312516061,-0.0366541649999998,20.6022234235491,22.366576043489,11.7706002959524
280,20.8025146484375,22.6773764756693,95.1557406603405,1.14123113235109,-0.0365995683334006,20.3447945731027,22.1152476879681,11.7338646364286
281,21.01064453125,22.9844698960119,95.2094705251173,2.69359479716513,-0.0365391599999985,20.377579171317,22.2258393410926,11.6971726195238
282,19.5750366210938,20.8654153600939,93.9247548691762,0.734926516088308,-0.0364727933333011,20.364892578125,22.2680031652916,11.6605297983333
283,18.5659118652344,21.205431434755,91.901856739645,0.149652805703226,-0.0364002983332998,20.1830775669643,22.352882626066,11.6239418597619
284,19.9276672363281,22.2732809181489,96.6793740511795,10.3092759673018,-0.0363215116666993,20.1163922991072,22.3910152980735,11.587414632381
285,16.1429382324219,17.6034833977841,96.0802497550722,1.15631355583901,-0.0362362449999996,19.56484375,21.633488414147,11.5509540978571
286,16.69228515625,19.7433685950064,94.6580015194959,0.937627646635519,-0.036144310000001,18.9595711844308,21.0504037253528,11.5145663997619
287,18.1993347167969,19.778955482495,98.4211692717606,6.92175162839703,-0.0360455116666998,18.5876883370536,20.6363435834707,11.478257852619
288,17.3290954589844,18.9270060579715,100,12.4087469885126,-0.0359396316666007,18.0617527553014,20.0567058923221,11.442034952381
289,13.6068664550781,14.5948393906941,99.3955596241588,1.04833943623817,-0.0358264583333998,17.2091570172991,19.160909325265,11.4059043857143
290,15.5969482421875,17.5075527945186,97.5463645143262,0.0382073352511725,-0.0357057649999994,16.7850193568638,18.6326409480884,11.3698730380952
291,18.5792785644531,19.1503338244275,100,11.8626434414182,-0.0355773116666001,16.5923924037388,18.1865056489853,11.3339480047619
292,15.9248291015625,15.2731348297281,100,16.9623192050494,-0.0354408599999996,16.5612339564732,17.8535987106916,11.2981365978571
293,14.7726989746094,16.0278961069667,100,2.92348486254923,-0.0352961550000011,16.287007359096,17.3228169266859,11.2624463559524
294,13.9512268066406,14.3121998056734,100,3.9625316276215,-0.035142938333399,15.6801348005022,16.5418518299971,11.2268850530952
295,14.5711608886719,16.2330439192457,99.7940023267589,1.82000349013833,-0.0349809433333004,15.2861441476004,16.1570000958934,11.1914607057143
296,12.8495727539063,13.3556960815789,100,17.3829321283847,-0.0348098983333003,15.1779593331473,15.9799796231627,11.1561815811905
297,15.9111267089844,17.3501178285925,99.4711188562332,1.02567828434985,-0.0346295183334,15.2228419712612,15.9574889137447,11.1210562061905
298,13.5398498535156,14.9867991375745,98.8197206330143,1.17990266517154,-0.0344395233332992,14.5029235839844,15.3626982441943,11.086093372381
299,13.1186157226563,13.1801716351073,98.6113709599112,1.42747549034539,-0.0342396166667012,14.1020359584264,15.0637035021056,11.0513021447619
300,14.8511291503906,16.1435773041831,98.6574059861846,1.91205253941007,-0.0340295083332993,14.1132402692522,15.0802293874222,11.0166918666667
301,14.5767761230469,14.4354963762217,100,8.96398341865279,-0.0338088933332994,14.2026044573103,15.0978431832148,10.9822721664286
302,12.6983581542969,13.4391948359456,99.2646126575406,0.672918986310833,-0.0335774683333998,13.9350612095424,14.6987218856005,10.948052962619
303,13.7350708007813,15.3328565680922,98.5169752470574,0.825543884275248,-0.0333349283333,14.0615609305246,14.9811733836738,10.9140444688095
304,11.7679992675781,13.2507728472006,97.958512530034,0.493305924464948,-0.0330809616667018,13.4696855817522,14.3955526720464,10.8802571973809
305,11.0064025878906,13.1352124599091,96.9297766353257,0.199896157937474,-0.0328152616665989,13.1077645438058,14.1310402895228,10.8467019633333
306,10.6799255371094,12.6666900892066,95.6943776314559,0.0549014941952919,-0.0325375183334007,12.7593802315848,14.0576857829656,10.8133898861905
307,12.1171508789063,13.6322158850071,94.9823164831398,0.558908277525916,-0.0322474199999991,12.3688119070871,13.6989198659404,10.7803323930952
308,13.9111877441406,14.181025647831,95.0504510602161,0.778201865614392,-0.0319446583333001,12.2737278529576,13.6625669047417,10.7475412192857
309,10.6648193359375,10.1196848141949,94.983570868249,1.06267971204943,-0.0316289350000005,11.9832223074777,13.1883511873488,10.7150284073809
310,9.58672485351565,11.0185211595801,94.1352014741804,0.309445908897032,-0.0312999400000002,11.3906014578683,12.5720175575613,10.6828063080952
311,14.3042541503906,14.1234442909408,100,11.117834947072,-0.0309573866666994,11.7529235839844,12.6966849066671,10.6508875766667
312,9.75420532226565,8.04124078341573,100,7.64364667702466,-0.0306009800000009,11.5740382603237,11.968974667168,10.6192851711905
313,7.98931274414065,9.30070982053408,100,4.62185707874596,-0.0302304416665997,11.1896650041853,11.488120343072,10.5880123480952
314,7.8570495605469,8.28023522268995,100,3.4051980037475,-0.0298454983333993,10.5810791015625,10.7235516770267,10.5570826566667
315,9.36080322265627,8.01950645570312,100,0.653670213068835,-0.0294458883333011,9.93102416992189,9.84333464957981,10.5265099323809
316,10.9833312988281,12.6188341193364,100,4.53599386673886,-0.0290313633332993,9.97652587890626,10.2003559788857,10.4963082897619
317,6.80498657226565,6.7777340505697,100,3.28013375110459,-0.0286016866667005,9.57913469587055,9.59452924902711,10.4664921119048
318,5.38332519531252,5.35535730933369,100,9.77061354205944,-0.0281566383333001,8.30471627371653,8.34194539451181,10.4370760409524
319,6.68752441406252,7.30649257039137,100,6.27884510322474,-0.0276960099999997,7.86661900111609,8.23698136407976,10.4080749657143
320,6.91753540039065,6.7676506288797,100,6.33428498986177,-0.0272196216666991,7.71350795200894,7.87511576527199,10.3795040076191
321,6.54232177734377,6.84858971536583,100,6.24615058768541,-0.0267273016666998,7.52568969726564,7.6705949785114,10.3513785061905
322,5.70992431640627,5.31655111868549,100,1.46745514939539,-0.0262189100000008,7.00413556780135,7.2844585017946,10.3237140016667
323,8.70504150390627,9.60466214331024,100,22.5957002840005,-0.0256943216666006,6.67866559709824,6.85386250521943,10.296526217381
324,5.65496215820315,5.24873225383238,100,14.8678416735493,-0.0251534399999986,6.51437639508931,6.6354336771141,10.2698310397619
325,6.9256530761719,7.25119687546763,100,8.93844553502277,-0.0245961950000009,6.73470894949779,6.90626790084752,10.2436444969048
326,6.41961059570315,6.47483462162208,100,3.72849754057825,-0.0240225449999993,6.69643554687502,6.78745962245191,10.2179827347619
327,9.25164184570315,10.4712193430556,100,6.07221263635438,-0.0234324716667,7.02987932477681,7.31654086733418,10.1928619940476
328,4.3386169433594,4.08720056226203,100,2.40798435697798,-0.0228260000000002,6.71506434849333,6.92205670260506,10.1682985821429
329,5.16451416015627,6.3613044618947,100,5.1883082051063,-0.0222031700000009,6.63714861188618,7.07130718020638,10.144308847381
330,5.65334472656252,5.13284745838331,100,4.60841802123468,-0.0215640716666989,6.20119192940851,6.4324765109311,10.1209091483333
331,5.9824157714844,5.33838588346584,100,2.72451561613707,-0.0209088200000007,6.24797101702011,6.44528417230731,10.0981158235714
332,6.6403747558594,6.88757716392407,100,1.37124734465033,-0.0202375666665997,6.20721697126118,6.39333849922966,10.07594516
333,7.1324401855469,7.4980728675275,100,2.75846214208286,-0.0195505033333703,6.30904976981029,6.53951539150186,10.0544133595238
334,5.06438598632815,4.28565155604211,100,3.43291758326814,-0.0188478583333289,5.71087036132815,5.65586285049994,10.0335365038095
335,4.18657836914065,3.66126760960784,100,2.10975849768147,-0.0181298950000013,5.68915056501118,5.59501528583505,10.0133305202381
336,5.61007080078127,5.75678059224639,100,1.21911734822788,-0.0173969216666698,5.7528015136719,5.50865473302815,9.99381114357142
337,6.49703369140627,7.52837417049892,99.5260685166892,0.146102775033796,-0.0166492766666604,5.87332850864958,5.85087283475895,9.97499388047619
338,7.16646728515627,7.98464432154872,99.2758330210685,0.678646756568924,-0.0158873499999999,6.04247872488842,6.22890975448508,9.9568939702381
339,3.69378051757815,3.30614053075418,100,6.74139519105665,-0.0151115599999994,5.62153669084824,5.71727594974652,9.93952634666667
340,3.7934509277344,3.33522282299659,100,3.82584948965814,-0.0143223700000004,5.14453822544645,5.12258308624211,9.92290559928571
341,6.07851562500002,6.18529455460136,100,3.40506740030833,-0.0135202799999998,5.28941388811386,5.39396065746486,9.90704593452381
342,5.23946533203127,5.09449724152141,100,1.25714423120371,-0.0127058283333401,5.43982631138395,5.59870774773822,9.89196113642857
343,5.6186462402344,4.3829155903757,100,2.34337603615131,-0.0118795949999999,5.44105137416297,5.40244131889955,9.87766452785714
344,6.13747558593752,6.02756549821795,100,1.05354865809204,-0.0110421883333292,5.38968593052458,5.18804008000227,9.86416893190476
345,6.7497497558594,5.64591291543254,100,0.878550508787157,-0.0101942600000005,5.33015485491074,4.85393559341425,9.85148663452381
346,7.48531494140627,7.22344137254048,100,1.03397333077737,-0.00933648666667075,5.87180262974333,5.41354999938372,9.83962934761905
347,5.6921325683594,3.86613474205064,100,2.83143963315524,-0.00846958500000028,6.14304286411833,5.48939455924858,9.82860817285714
348,3.28569946289065,2.9225184594821,100,2.89571853500092,-0.00759429999999917,5.74406912667413,5.02328368851726,9.81843356666666
349,2.34942016601565,2.03029824443021,100,6.68633801979013,-0.00671139666665965,5.33120553152904,4.58554097464709,9.80911530785714
350,2.93691406250002,2.77791104515247,100,8.60085783642717,-0.00582167666667033,4.94810093470984,4.35625461104377,9.80066246595238
351,4.89592895507815,3.96012570112279,100,9.26687571336515,-0.00492596166666992,4.77073713030136,4.0609060686016,9.79308337071428
352,6.20473632812502,5.59358069596471,100,2.25048424908891,-0.00402508833333037,4.69287806919645,4.05343003724906,9.78638558571429
353,7.16719970703127,7.79265412214395,99.3620104877541,0.140015731631138,-0.00311991666666955,4.64743303571431,4.13474614433527,9.78057588214286
354,7.7716003417969,8.26485572329205,100,5.42881825822406,-0.00221132000000068,4.94449986049109,4.76313485594118,9.77566021642857
355,3.52883300781252,2.15334577446626,100,4.28770727012306,-0.0013001883333299,4.97923322405136,4.65325304379606,9.77164370952381
356,1.38521728515627,1.2653999912481,100,6.06684334343299,-0.000387411666670445,4.84148995535716,4.54398186477005,9.76853062904762
357,2.38775024414065,3.06599844531641,100,5.98752922087442,0.000526110000000912,4.76303798130583,4.58513720765061,9.76632437523809
358,1.62468872070315,1.47198577363762,100,1.77685633389046,0.00143946666666928,4.29571794782368,4.2296886465813,9.76502746833333
359,3.29573974609377,4.37188764592092,99.9935188745721,1.12627831185819,0.00235176333332987,3.8801470075335,4.05516106800362,9.76464154023809
360,4.84804687500002,4.4232525603829,100,3.38951067533344,0.00326209333334049,3.54883946010047,3.57381798775204,9.76516732785714
361,6.2938171386719,5.71986309492329,99.7405353145151,0.432802971772617,0.00416957000000018,3.33772757393975,3.21024761227079,9.76660467119047
362,4.41170654296877,3.35687367744312,100,3.92396796087269,0.00507330833332986,3.46385236467636,3.38218016983891,9.76895251404762
363,2.93160400390627,3.2722664921864,100,2.81920820270898,0.00597243666667069,3.68476475306922,3.66887538425867,9.77220890666667
364,4.18593750000002,5.2398525488713,100,2.29226461669896,0.00686610666665999,3.94164864676341,3.97942597048079,9.77637101309524
365,5.2781921386719,4.69834876893585,100,1.7054853742593,0.00775347666666981,4.46357770647324,4.44033496980911,9.78143512095238
